,id,content,created_at,mentions,tags,favourites_count,replies_count
110,111247323249797201,"<p>If you date a man, then a woman, then a man, then a woman, and so on, you're on a bicycle.</p>",2023-10-16 23:37:19+00:00,[],[],0,0
154,111247439515325338,"<p><a href=""https://weirder.earth/tags/ThisOldClownHouse"" class=""mention hashtag"" rel=""nofollow noopener noreferrer"" target=""_blank"">#<span>ThisOldClownHouse</span></a> has a fluorescent light in the kitchen that, when it was warm, would periodically switch itself off for a while and then back on.</p><p>It stopped when the weather got cold.</p><p>Today, when it's warm because the oven is self-cleaning, it began again.</p><p>This feels like the reverse of typical bad-in-the-cold fluorescent light behaviour. </p><p>Should we be worried about a short?</p>",2023-10-17 00:06:53+00:00,[],"[{'name': 'thisoldclownhouse', 'url': 'https://genomic.social/tags/thisoldclownhouse'}]",0,0
179,111247465259872443,"<p>""instead of issuing a full-throated denunciation of the violent attacks by Hamas that have left over 1,300 Israelis dead, one dying woman holding her 6-year-old son who had just been killed in a bombing is said to have doubled down by telling her child she loved him.""</p><p><a href=""https://www.theonion.com/dying-gazans-criticized-for-not-using-last-words-to-con-1850925657"" rel=""nofollow noopener noreferrer"" translate=""no"" target=""_blank""><span class=""invisible"">https://www.</span><span class=""ellipsis"">theonion.com/dying-gazans-crit</span><span class=""invisible"">icized-for-not-using-last-words-to-con-1850925657</span></a></p>",2023-10-17 00:13:25+00:00,[],[],0,0
194,111247468079002724,"<p><a href=""https://crooksandliars.com/cltv/2023/10/trump-breaks-gag-order-within-hours"" rel=""nofollow noopener noreferrer"" translate=""no"" target=""_blank""><span class=""invisible"">https://</span><span class=""ellipsis"">crooksandliars.com/cltv/2023/1</span><span class=""invisible"">0/trump-breaks-gag-order-within-hours</span></a></p>",2023-10-17 00:14:09+00:00,[],[],0,0
215,111247403513337575,<p>Now this is scary!!!</p>,2023-10-16 23:57:43+00:00,[],[],0,0
217,111247479151261255,"<p>Looking for some Crunchyroll recommendations<br><a href=""https://www.resetera.com/threads/775601"" rel=""nofollow noopener noreferrer"" target=""_blank""><span class=""invisible"">https://www.</span><span class="""">resetera.com/threads/775601</span><span class=""invisible""></span></a><br><a href=""https://botsin.space/tags/resetera"" class=""mention hashtag"" rel=""nofollow noopener noreferrer"" target=""_blank"">#<span>resetera</span></a></p>",2023-10-17 00:16:57+00:00,[],"[{'name': 'resetera', 'url': 'https://genomic.social/tags/resetera'}]",0,0
230,111247486913017959,"<p>I've been thinking about this a lot lately (quoting so I can use a CW):</p><p>""Remember, after 9/11, when everyone, in an emotional frenzy, supported the invasion of Iraq, as their anger was manipulated into the desire for bloodthirsty revenge. Remember, hundreds of thousands of people died. Remember the propaganda. Remember the dehumanisation. Here we go again.""</p><p><a href=""https://mastodon.social/@Miriamm/111223703113016895"" rel=""nofollow noopener noreferrer"" translate=""no"" target=""_blank""><span class=""invisible"">https://</span><span class=""ellipsis"">mastodon.social/@Miriamm/11122</span><span class=""invisible"">3703113016895</span></a></p>",2023-10-17 00:18:49+00:00,[],[],0,0
245,111247497272483177,"<p>You know how people draw fetish art of people with very exaggeratedly large genitals and breasts? Do... do you think that's what domestic crops would look like to wild plants, if they could see?</p>",2023-10-17 00:21:33+00:00,[],[],0,0
332,111247534187238712,"<p><a href=""https://flipping.rocks/tags/Arachtober"" class=""mention hashtag"" rel=""nofollow noopener noreferrer"" target=""_blank"">#<span>Arachtober</span></a> 17: a beautiful silvery long-jawed orbweaver (_Tetragnatha_). </p><p><a href=""https://flipping.rocks/tags/ArthroBeauty"" class=""mention hashtag"" rel=""nofollow noopener noreferrer"" target=""_blank"">#<span>ArthroBeauty</span></a> <a href=""https://flipping.rocks/tags/DailySpiderPic"" class=""mention hashtag"" rel=""nofollow noopener noreferrer"" target=""_blank"">#<span>DailySpiderPic</span></a> <a href=""https://flipping.rocks/tags/arachnids"" class=""mention hashtag"" rel=""nofollow noopener noreferrer"" target=""_blank"">#<span>arachnids</span></a> <a href=""https://flipping.rocks/tags/spiders"" class=""mention hashtag"" rel=""nofollow noopener noreferrer"" target=""_blank"">#<span>spiders</span></a> <a href=""https://flipping.rocks/tags/Araneae"" class=""mention hashtag"" rel=""nofollow noopener noreferrer"" target=""_blank"">#<span>Araneae</span></a> <a href=""https://flipping.rocks/tags/Tetragnathidae"" class=""mention hashtag"" rel=""nofollow noopener noreferrer"" target=""_blank"">#<span>Tetragnathidae</span></a></p>",2023-10-17 00:30:51+00:00,[],"[{'name': 'arachtober', 'url': 'https://genomic.social/tags/arachtober'}, {'name': 'arthrobeauty', 'url': 'https://genomic.social/tags/arthrobeauty'}, {'name': 'dailyspiderpic', 'url': 'https://genomic.social/tags/dailyspiderpic'}, {'name': 'arachnids', 'url': 'https://genomic.social/tags/arachnids'}, {'name': 'spiders', 'url': 'https://genomic.social/tags/spiders'}, {'name': 'araneae', 'url': 'https://genomic.social/tags/araneae'}, {'name': 'tetragnathidae', 'url': 'https://genomic.social/tags/tetragnathidae'}]",0,0
333,111247534995703864,"<p>Look, I just think we need to stop coddling those hedonistic roundabout hogs who get into the inner lane and circle for hours, wasting valuable capacity.<br><a href=""https://xkcd.com/2842/"" rel=""nofollow noopener noreferrer"" translate=""no"" target=""_blank""><span class=""invisible"">https://</span><span class="""">xkcd.com/2842/</span><span class=""invisible""></span></a></p>",2023-10-17 00:31:07+00:00,[],[],0,0
373,111247547252438360,"<p>Feature vision: I wish it was easier to see where a latex file was imported into the current doc in overleaf </p><p>Systems with full text search deal with this by, uh, search (eg grep for \input{sections/...}), but for whatever reason that's not <br>available online, okay fine</p><p>Would love to see a more dynamic use of the file tree, so that parents and children in the hierarchy are highlighted</p>",2023-10-17 00:34:16+00:00,[],[],0,0
457,111247536535976513,"<p>""19 GOP state Attorneys General sign letter citing the Dobbs ruling in order to ban trans adult healthcare""</p><p>As several states have already shown recently with abortion and trans healthcare, the AGs go first since they don't have any impediments. They can simply act. Meanwhile the legislatures craft the full bills for their upcoming sessions.</p><p>I mean, it makes sense: if the state can get away with banning abortion based on religion and campaigning, they can ban any medical care they think will help them grow their power.</p><p>This is a form of terrorism, by the way. And erasure, and genocide.</p><p><a href=""https://www.losangelesblade.com/2023/10/16/19-gop-ags-sign-letter-cite-dobbs-ruling-to-target-trans-adult-care/"" rel=""nofollow noopener noreferrer"" translate=""no"" target=""_blank""><span class=""invisible"">https://www.</span><span class=""ellipsis"">losangelesblade.com/2023/10/16</span><span class=""invisible"">/19-gop-ags-sign-letter-cite-dobbs-ruling-to-target-trans-adult-care/</span></a></p>",2023-10-17 00:31:33+00:00,[],[],0,0
469,111246337704358932,"<p>love you <span class=""h-card"" translate=""no""><a href=""https://void.lgbt/users/ActuallyAubrey"" class=""u-url mention"" rel=""nofollow noopener noreferrer"" target=""_blank"">@<span>ActuallyAubrey</span></a></span>  ğŸ’ (she took the picture ğŸ˜Š!)</p>",2023-10-16 19:26:41+00:00,"[{'id': 110945411074362045, 'username': 'ActuallyAubrey', 'url': 'https://void.lgbt/users/ActuallyAubrey', 'acct': 'ActuallyAubrey@void.lgbt'}]",[],0,0
488,111247591214467085,"<p>Elastica: ""Stutter"" <a href=""https://www.youtube.com/watch?v=0ie4x8hWYYE"" rel=""nofollow noopener noreferrer"" translate=""no"" target=""_blank""><span class=""invisible"">https://www.</span><span class=""ellipsis"">youtube.com/watch?v=0ie4x8hWYY</span><span class=""invisible"">E</span></a></p>",2023-10-17 00:45:27+00:00,[],[],0,0
526,111247585201930465,"<p>Lazlo Buring - Comfortably Numb (as if it were written by Dire Straits)</p><p><a href=""https://youtu.be/oTk5JrnS6_g?si=E4wG_CvW8clsvgrH"" rel=""nofollow noopener noreferrer"" translate=""no"" target=""_blank""><span class=""invisible"">https://</span><span class=""ellipsis"">youtu.be/oTk5JrnS6_g?si=E4wG_C</span><span class=""invisible"">vW8clsvgrH</span></a> </p><p>I was inspired posting this because of <span class=""h-card"" translate=""no""><a href=""https://mastodon.social/@gvwilson"" class=""u-url mention"" rel=""nofollow noopener noreferrer"" target=""_blank"">@<span>gvwilson</span></a></span> 's mentioning of Mark Knopfler yesterday.</p>",2023-10-17 00:43:56+00:00,"[{'id': 109282031037363326, 'username': 'gvwilson', 'url': 'https://mastodon.social/@gvwilson', 'acct': 'gvwilson@mastodon.social'}]",[],0,0
722,111247551387358198,<p>So Israel has now been saying that their ground invasion is imminent for like days now and it keeps not happening. I'm kind of wondering if there's dissidence amongst the IDF soldiers. Many of the people called up as reserves were protesting Netanyahu's government just a few weeks ago.</p>,2023-10-17 00:35:20+00:00,[],[],0,0
740,111247035160958971,<p>piss</p>,2023-10-16 22:24:03+00:00,[],[],0,0
905,111247612055799431,"<p>Today feels better than the weekend.  It was my birthday yesterday, and the whole weekend I was being asked what I wanted from people...  ""No not that..."" was kind of my response.  Like it was all, ""here's this thing I think is nice, but you don't so you have to accept it.""  I know some was kind of just misguided.  But other feels almost intentional.  I know people like to make things better.  But I just want to curl up when things are like that, there's no one who can say, ""...""</p>",2023-10-17 00:50:46+00:00,[],[],0,0
906,111247619476640652,"<p>No one who can say, ""hey you seem off, wanna just hang out and maybe do some quiet stuff..."" in my life right now.  People want to get all involved.  And I'm just wanting peace and quiet.  If you can be with me in peace and quiet, that's awesome, if not, you're probably making things worse.  </p><p>That was my weekend.</p>",2023-10-17 00:52:39+00:00,[],[],0,0
908,111247737373460332,"<p>.  <br> ã€€ã€€ã€€ã€€ã€€ã€€ Ò‰  <br> ã€€<br>ã€€<br>ã€€<br>___ ï¹__áƒ¦ï¹_Ñ¦Ñ§ï¹___ï¹<br>  Â· ,      Â· ,  ã€€   .  ã€€ ã€€  Â·    Â· ,   Â¨  ã€€ã€€ã€€</p>",2023-10-17 01:22:37+00:00,[],[],0,0
948,111247631969541038,"<p>There is such a unique issue with Firefox's inertial scrolling on Linux that's super hard to explain.</p><p>With normal inertial scrolling you kinda ""fling"" the page, right? Like, a hard two finger swipe up followed by lifting your fingers off the trackpad leads the page to keep scrolling. Normally with that kind of system you can put your fingers back onto the trackpad and ""catch"" the page so it stops scrolling.</p><p>Firefox on Linux doesn't do that, and will only cancel the ""fling"" when you scroll again. So, instead of just needing to rest my fingers on the trackpad again, I need to put them on the trackpad then scroll up or down to cancel the fling. It's a really subtle issue, so I'm not exactly sure how to look it up to see if it's been reported or how to report it as an issue.</p><p><a href=""https://cubhub.social/tags/Firefox"" class=""mention hashtag"" rel=""nofollow noopener noreferrer"" target=""_blank"">#<span>Firefox</span></a> <a href=""https://cubhub.social/tags/Linux"" class=""mention hashtag"" rel=""nofollow noopener noreferrer"" target=""_blank"">#<span>Linux</span></a></p>",2023-10-17 00:55:49+00:00,[],"[{'name': 'firefox', 'url': 'https://genomic.social/tags/firefox'}, {'name': 'linux', 'url': 'https://genomic.social/tags/linux'}]",0,0
1056,111247786593147155,<p>uh oh this is the year that Eugene Tooms will come out of hibernation &amp; need to eat five more livers</p>,2023-10-17 01:35:02+00:00,[],[],0,0
1151,111247607513073754,"<p>In August 2000 i spent 1 crazy month in Amsterdam.<br> At the time i posted my adventures in a Dutch blog for sex tourists, sadly already gone for all eternity<br> But i found out that some of my crazy rumbles still exist.<br><a href=""https://web.archive.org/web/20060502031533/www.ignatzmice.com/Adam/zz/best_of_zeze.htm"" rel=""nofollow noopener noreferrer"" translate=""no"" target=""_blank""><span class=""invisible"">https://</span><span class=""ellipsis"">web.archive.org/web/2006050203</span><span class=""invisible"">1533/www.ignatzmice.com/Adam/zz/best_of_zeze.htm</span></a></p>",2023-10-17 00:49:36+00:00,[],[],0,0
1248,111247876046992480,<p>Hard to believe Corey Perry is as hated as he is after just 33 career games. He's a phenom.</p>,2023-10-17 01:57:51+00:00,[],[],0,0
1249,111247698057107126,"<p>So I've been practicing a bit with my Mortal Kombat 1 character and I'm thinking I'm good enough to go online. I go through all the options. What seems like the least commitment? I try versus. Pick my character, get connected with someone.</p><p>Before we've even started the match properly:</p><p>""Hey, can you hear me? Well. I wanted you to know, you're a black, homosexual, gay, nigger."" End of match.</p><p>Kid couldn't have been more than 12 years old.</p><p>Some things never change, I guess.</p>",2023-10-17 01:12:38+00:00,[],[],0,0
1293,111247893977310879,"<p>PKW-Brand auf der Autobahnabfahrt Freisen, Redaktion Saarnews <a href=""https://social.saarland/tags/news"" class=""mention hashtag"" rel=""nofollow noopener noreferrer"" target=""_blank"">#<span>news</span></a>  <a href=""https://social.saarland/tags/saarland"" class=""mention hashtag"" rel=""nofollow noopener noreferrer"" target=""_blank"">#<span>saarland</span></a></p><p><a href=""https://www.saarnews.com/pkw-brand-auf-der-autobahnabfahrt-freisen/"" rel=""nofollow noopener noreferrer"" translate=""no"" target=""_blank""><span class=""invisible"">https://www.</span><span class=""ellipsis"">saarnews.com/pkw-brand-auf-der</span><span class=""invisible"">-autobahnabfahrt-freisen/</span></a></p>",2023-10-17 02:02:27+00:00,[],"[{'name': 'news', 'url': 'https://genomic.social/tags/news'}, {'name': 'saarland', 'url': 'https://genomic.social/tags/saarland'}]",0,0
1325,111247906637052433,<p>å¼€ç€æ²‰æµ¸å¼ç¿»è¯‘ï¼Œç”¨äº†googleç¿»è¯‘çš„åç«¯ï¼Œä»æ·˜å®ç™»é™†è·³è½¬çš„æ—¶å€™æŠŠæˆ‘æ‰“ç åçš„IDä¹Ÿç»™ç¿»è¯‘äº†ğŸ¤”</p>,2023-10-17 02:05:39+00:00,[],[],0,0
1343,111247914343220312,"<p>If your manifesto doesn't start with ""meat beat"" then what are you even doing.</p><p>Storm the Studio.</p>",2023-10-17 02:07:36+00:00,[],[],0,0
1487,111247991877357125,"<p><a href=""https://mastodon.social/tags/climate"" class=""mention hashtag"" rel=""nofollow noopener noreferrer"" target=""_blank"">#<span>climate</span></a> <a href=""https://mastodon.social/tags/wildfires"" class=""mention hashtag"" rel=""nofollow noopener noreferrer"" target=""_blank"">#<span>wildfires</span></a> <a href=""https://mastodon.social/tags/AirQuality"" class=""mention hashtag"" rel=""nofollow noopener noreferrer"" target=""_blank"">#<span>AirQuality</span></a></p><p>As this visualization of smoke plume extents is provided by U.S. agencies, it doesn't show large wildfires outside the U.S. (Only satellite detections.)</p>",2023-10-17 02:27:19+00:00,[],"[{'name': 'climate', 'url': 'https://genomic.social/tags/climate'}, {'name': 'wildfires', 'url': 'https://genomic.social/tags/wildfires'}, {'name': 'airquality', 'url': 'https://genomic.social/tags/airquality'}]",0,0
1490,111247988502216107,"<p>We watched the Beckham documentary which is surprisingly tender. Both David and Victoria come across as fundamentally good natured, slightly dim, happy enough people. Sir Alex Ferguson gets described as â€˜a socialistâ€™ which must be news to him and everyone else.</p><p>It struck me that the UK press and football fandom, while fundamentally cruel and mean spirited, is still morally above that of Australia which victimises sportspeople, not for losing, but for their skin colour</p>",2023-10-17 02:26:30+00:00,[],[],0,0
1672,111248088171636726,"<p><a href=""https://youtube.com/watch?v=hzA1265BoO4&amp;si=eInx1DZhdnU3KnM_"" rel=""nofollow noopener noreferrer"" translate=""no"" target=""_blank""><span class=""invisible"">https://</span><span class=""ellipsis"">youtube.com/watch?v=hzA1265BoO</span><span class=""invisible"">4&amp;si=eInx1DZhdnU3KnM_</span></a> <br>â€¼ï¸ğŸ‡ºğŸ‡¦Soldiers of the National Policeâ€™s ""Fury"" brigade are confidently moving towards a common goal - the liberation of All of Ukraine (Ukrinform - Ukrainian National News Agency VIDEO) <a href=""https://mastodon.online/tags/Ukraine"" class=""mention hashtag"" rel=""nofollow noopener noreferrer"" target=""_blank"">#<span>Ukraine</span></a> <a href=""https://mastodon.online/tags/Press"" class=""mention hashtag"" rel=""nofollow noopener noreferrer"" target=""_blank"">#<span>Press</span></a> <a href=""https://mastodon.online/tags/News"" class=""mention hashtag"" rel=""nofollow noopener noreferrer"" target=""_blank"">#<span>News</span></a> <a href=""https://mastodon.online/tags/russia"" class=""mention hashtag"" rel=""nofollow noopener noreferrer"" target=""_blank"">#<span>russia</span></a> <a href=""https://mastodon.online/tags/russiaUkraineWar"" class=""mention hashtag"" rel=""nofollow noopener noreferrer"" target=""_blank"">#<span>russiaUkraineWar</span></a> <a href=""https://mastodon.online/tags/9yrInvasionofUkraine"" class=""mention hashtag"" rel=""nofollow noopener noreferrer"" target=""_blank"">#<span>9yrInvasionofUkraine</span></a>  <a href=""https://mastodon.online/tags/BoycottMusk"" class=""mention hashtag"" rel=""nofollow noopener noreferrer"" target=""_blank"">#<span>BoycottMusk</span></a>   <br><a href=""https://mastodon.online/tags/NoEUPrezForHungary"" class=""mention hashtag"" rel=""nofollow noopener noreferrer"" target=""_blank"">#<span>NoEUPrezForHungary</span></a><br><a href=""https://mastodon.online/tags/NoUSRepublicans2024"" class=""mention hashtag"" rel=""nofollow noopener noreferrer"" target=""_blank"">#<span>NoUSRepublicans2024</span></a></p>",2023-10-17 02:51:49+00:00,[],"[{'name': 'ukraine', 'url': 'https://genomic.social/tags/ukraine'}, {'name': 'press', 'url': 'https://genomic.social/tags/press'}, {'name': 'news', 'url': 'https://genomic.social/tags/news'}, {'name': 'russia', 'url': 'https://genomic.social/tags/russia'}, {'name': 'RussiaUkraineWar', 'url': 'https://genomic.social/tags/RussiaUkraineWar'}, {'name': '9yrinvasionofukraine', 'url': 'https://genomic.social/tags/9yrinvasionofukraine'}, {'name': 'boycottmusk', 'url': 'https://genomic.social/tags/boycottmusk'}, {'name': 'noeuprezforhungary', 'url': 'https://genomic.social/tags/noeuprezforhungary'}, {'name': 'nousrepublicans2024', 'url': 'https://genomic.social/tags/nousrepublicans2024'}]",0,0
1674,111247944722111880,<p>I remember how much it hurt after the Marriage Equality plebiscite in 2017 knowing that 4 out of 10 people in Australia didn't support me or see me as an equal. I can't imagine how First Nations people are feeling this week knowing that a majority of Australians don't even want to listen to them.</p>,2023-10-17 02:15:22+00:00,[],[],0,0
1762,111247505687679774,"<p>I want <a href=""https://mastodon.social/tags/Mastodon"" class=""mention hashtag"" rel=""nofollow noopener noreferrer"" target=""_blank"">#<span>Mastodon</span></a> to do well. I love how this place works. </p><p>Butâ€¦ I like people and engagement even more. </p><p>Currently, thereâ€™s lots of engagement at <a href=""https://mastodon.social/tags/Threads"" class=""mention hashtag"" rel=""nofollow noopener noreferrer"" target=""_blank"">#<span>Threads</span></a> because thereâ€™s literally more *people* there. </p><p>Will it last? Who knows. </p><p>In time, I hope to be able to combine both Mastodon and Threads. <a href=""https://mastodon.social/tags/activitypub"" class=""mention hashtag"" rel=""nofollow noopener noreferrer"" target=""_blank"">#<span>activitypub</span></a></p>",2023-10-17 00:23:43+00:00,[],"[{'name': 'mastodon', 'url': 'https://genomic.social/tags/mastodon'}, {'name': 'threads', 'url': 'https://genomic.social/tags/threads'}, {'name': 'activitypub', 'url': 'https://genomic.social/tags/activitypub'}]",0,0
1821,111248182161917499,"<p>When commenting on the words or behavior of someone who you really don't want to talk to about it, linking and @-ing directs harassment. There's really no way around it. People get riled up, click through, and show their ego.</p><p>Riled up people are lazy though. Screenshots and just naming without linking don't have the same effect.</p>",2023-10-17 03:15:43+00:00,[],[],0,0
1835,111248191570598183,"<p>Jalopnik has some fun at Toyotaâ€™s expense</p><p><a href=""https://jalopnik.com/toyota-says-this-butt-plug-will-allow-it-to-build-900-m-1850929505"" rel=""nofollow noopener noreferrer"" target=""_blank""><span class=""invisible"">https://</span><span class=""ellipsis"">jalopnik.com/toyota-says-this-</span><span class=""invisible"">butt-plug-will-allow-it-to-build-900-m-1850929505</span></a></p>",2023-10-17 03:18:06+00:00,[],[],0,0
1855,111248201461127090,"<p>Can snyone confirm this from other sources?</p><p><a href=""https://mastodon.online/tags/gaza"" class=""mention hashtag"" rel=""nofollow noopener noreferrer"" target=""_blank"">#<span>gaza</span></a> <a href=""https://mastodon.online/tags/israel"" class=""mention hashtag"" rel=""nofollow noopener noreferrer"" target=""_blank"">#<span>israel</span></a> <a href=""https://mastodon.online/tags/war"" class=""mention hashtag"" rel=""nofollow noopener noreferrer"" target=""_blank"">#<span>war</span></a></p><p>From: <span class=""h-card"" translate=""no""><a href=""https://mstdn.social/@Factal"" class=""u-url mention"" rel=""nofollow noopener noreferrer"" target=""_blank"">@<span>Factal</span></a></span><br><a href=""https://mstdn.social/@Factal/111248187568041619"" rel=""nofollow noopener noreferrer"" translate=""no"" target=""_blank""><span class=""invisible"">https://</span><span class=""ellipsis"">mstdn.social/@Factal/111248187</span><span class=""invisible"">568041619</span></a></p>",2023-10-17 03:20:39+00:00,"[{'id': 109746471618601125, 'username': 'Factal', 'url': 'https://mstdn.social/@Factal', 'acct': 'Factal@mstdn.social'}]","[{'name': 'gaza', 'url': 'https://genomic.social/tags/gaza'}, {'name': 'Israel', 'url': 'https://genomic.social/tags/Israel'}, {'name': 'war', 'url': 'https://genomic.social/tags/war'}]",0,0
1856,111248201827601540,"<p><a href=""https://mastodon.nz/tags/Wordle850"" class=""mention hashtag"" rel=""nofollow noopener noreferrer"" target=""_blank"">#<span>Wordle850</span></a> 3/6</p><p>â¬œâ¬œâ¬œâ¬œğŸŸ©<br>ğŸŸ©â¬œâ¬œğŸŸ¨ğŸŸ©<br>ğŸŸ©ğŸŸ©ğŸŸ©ğŸŸ©ğŸŸ©</p>",2023-10-17 03:20:42+00:00,[],"[{'name': 'wordle850', 'url': 'https://genomic.social/tags/wordle850'}]",0,0
1885,111248217120096510,"<p>As much as I hope that something could changeâ€¦ with the whole west and the heads of our political ""leaders"" firmly locked in place in Israels butt there hardly is sufficient room to even mention the terrors that lead to this.</p><p>---</p><p>â€˜I want the death to stop, and it wonâ€™t so long as the Occupation continuesâ€™<br><a href=""https://therealnews.com/i-want-the-death-to-stop-and-it-wont-so-long-as-the-occupation-continues"" rel=""nofollow noopener noreferrer"" translate=""no"" target=""_blank""><span class=""invisible"">https://</span><span class=""ellipsis"">therealnews.com/i-want-the-dea</span><span class=""invisible"">th-to-stop-and-it-wont-so-long-as-the-occupation-continues</span></a></p>",2023-10-17 03:24:37+00:00,[],[],0,0
1926,111247447847137940,"<p>Whew, dang. Jinkies.</p><blockquote><p>Thirty years ago, in a different life, I was a philosophy postgraduate student and taught first year undergraduates their introduction to metaphysics and ethics. In the first time, every time, someone would turn in an essay which read like this, and you would have to patiently explain to them they were going to have to rewrite it or fail, because philosophy does not mean writing down all the random thoughts you had when smoking that bundle of weed the night before the deadline.</p></blockquote><p><a href=""https://writing.exchange/@ianbetteridge/111246622364130553"" rel=""nofollow noopener noreferrer"" translate=""no"" target=""_blank""><span class=""invisible"">https://</span><span class=""ellipsis"">writing.exchange/@ianbetteridg</span><span class=""invisible"">e/111246622364130553</span></a></p>",2023-10-17 00:09:00+00:00,[],[],0,0
1977,111248261063094081,"<p>Something I've learned from experience is that actual lies, as an intentional corruptions of the truth, are rarely at work in big brouhahas. I think most people involved in leftist infighting are 100% sincere, even if they're wrong (from my perspective).</p><p>People have different views into a situation. They know the different parties more or less than other parties. Trust and how much someone actually witnessed weighs heavily on their interpretation.</p><p>I think there wouldn't be so much fighting if people could recognize this more.</p>",2023-10-17 03:35:45+00:00,[],[],0,0
1978,111248192224962898,<p>K-N-U-C K-L-E-S</p>,2023-10-17 03:18:18+00:00,[],[],0,0
1987,111248241490530891,"<p>I very much wish to swallow an active hand grenade.  I have no such grenades, so I will have to settle for sleep.  Goodnight, everyone.  Peace and love</p>",2023-10-17 03:30:50+00:00,[],[],0,0
2006,111248276339624248,"<p>I started to develop this theory after what went down with Snouts. I think by and large all the people who thought we were a bunch of irredeemable racists really believed it.</p><p>Not the shitposters who kicked it off, of course. But the bystanders who didn't know what to think? I think they believed it.</p><p>It's harder to be mad at people when I think they're doing the best they can with limited information. Probably better for them to hold off on the take entirely, but that's the world we're in I guess. People feel the pressure to have one.</p>",2023-10-17 03:39:39+00:00,[],[],0,0
2037,111248294783313397,<p>å·¥ä½œæ—¥ä¸­åˆæˆ‘ä¸€èˆ¬è‡ªå·±å¸¦é¥­å›¢ã€ç†Ÿè‚‰å’Œè”¬èœã€‚æœ€è¿‘åƒå‡‰çš„èƒƒä¸èˆ’æœï¼Œä½†æ˜¯ä¸æƒ³å»é£Ÿå ‚æ‹¿å…¬ç”¨å¾®æ³¢ç‚‰çƒ­é¥­ï¼ˆå¤ªæ‡’äº†è¿™ä¸ªäººï¼‰ï¼Œæ‰¾å‡ºä»¥å‰çš„ä¸é”ˆé’¢èŒ¶çƒçš„ç›–å­ï¼Œå¤§å°æ­£å¥½ï¼Œæ”¾åœ¨å¥¶èŒ¶æœºä¸Šå˜æˆäº†è¶…ç®€æ˜“è’¸ç¬¼ğŸ¤£</p>,2023-10-17 03:44:14+00:00,[],[],0,0
2067,111248137161677783,"<p>Did that Ork actually catch on fire?!</p><p><a href=""https://mstdn.party/tags/Ukraine"" class=""mention hashtag"" rel=""nofollow noopener noreferrer"" target=""_blank"">#<span>Ukraine</span></a><br><a href=""https://mstdn.party/tags/Sidecar"" class=""mention hashtag"" rel=""nofollow noopener noreferrer"" target=""_blank"">#<span>Sidecar</span></a><br><a href=""https://mstdn.party/tags/DroneWarfare"" class=""mention hashtag"" rel=""nofollow noopener noreferrer"" target=""_blank"">#<span>DroneWarfare</span></a><br><a href=""https://mstdn.party/tags/FlamingOrks"" class=""mention hashtag"" rel=""nofollow noopener noreferrer"" target=""_blank"">#<span>FlamingOrks</span></a></p>",2023-10-17 03:04:18+00:00,[],"[{'name': 'ukraine', 'url': 'https://genomic.social/tags/ukraine'}, {'name': 'sidecar', 'url': 'https://genomic.social/tags/sidecar'}, {'name': 'dronewarfare', 'url': 'https://genomic.social/tags/dronewarfare'}, {'name': 'flamingorks', 'url': 'https://genomic.social/tags/flamingorks'}]",0,0
2088,111248316901793913,"<p><a href=""https://journa.host/tags/BBCNews"" class=""mention hashtag"" rel=""nofollow noopener noreferrer"" target=""_blank"">#<span>BBCNews</span></a> - <a href=""https://journa.host/tags/Wadea"" class=""mention hashtag"" rel=""nofollow noopener noreferrer"" target=""_blank"">#<span>Wadea</span></a> al-Fayoume: Last words of knifed US Muslim boy were 'Mom, I'm fine'<br><a href=""https://www.bbc.co.uk/news/world-us-canada-67085553"" rel=""nofollow noopener noreferrer"" translate=""no"" target=""_blank""><span class=""invisible"">https://www.</span><span class=""ellipsis"">bbc.co.uk/news/world-us-canada</span><span class=""invisible"">-67085553</span></a></p>",2023-10-17 03:49:53+00:00,[],"[{'name': 'bbcnews', 'url': 'https://genomic.social/tags/bbcnews'}, {'name': 'wadea', 'url': 'https://genomic.social/tags/wadea'}]",0,0
2174,111248355517447459,<p>ååœ¨è¿™ä¸ªå·¥ä½ä¸Šçš„å®¶ä¼™è‚¯å®šå¾ˆå–œæ¬¢æŸ‘æ©˜ç±»æ°´æœï¼</p>,2023-10-17 03:59:47+00:00,[],[],0,0
2175,111248355812803657,"<p>We focused on (1) daily use of visualization, (2) mental models of inferential analysis, and (3) design recommendations for statistical inference using visualizations. Thematic coding of transcripts yielded a wealth of data.</p><p>Findings: (1) statisticians generally make extensive use of visualization during all analysis phases; (2) their mental models are mostly visually based; and (3) statisticians tend to abhor dichotomous thinking (thus supporting the use of visualization).</p>",2023-10-17 03:59:52+00:00,[],[],0,0
2189,111248358461359615,"<p>Eric, who is a professional statistician himself formerly at the US Census Bureau, will be presenting this work on Wed, October 25 at <a href=""https://vis.social/tags/ieeevis"" class=""mention hashtag"" rel=""nofollow noopener noreferrer"" target=""_blank"">#<span>ieeevis</span></a>. We are looking forward to your feedback!</p><p>Here are all the details.</p><p>PDF: <a href=""https://users.umiacs.umd.edu/~elm/projects/vis-acc-stat/vis-acc-stat.pdf"" rel=""nofollow noopener noreferrer"" translate=""no"" target=""_blank""><span class=""invisible"">https://</span><span class=""ellipsis"">users.umiacs.umd.edu/~elm/proj</span><span class=""invisible"">ects/vis-acc-stat/vis-acc-stat.pdf</span></a><br>arXiv: <a href=""https://arxiv.org/abs/2309.12684"" rel=""nofollow noopener noreferrer"" translate=""no"" target=""_blank""><span class=""invisible"">https://</span><span class="""">arxiv.org/abs/2309.12684</span><span class=""invisible""></span></a></p><p>/end</p>",2023-10-17 04:00:34+00:00,[],"[{'name': 'ieeevis', 'url': 'https://genomic.social/tags/ieeevis'}]",0,0
2220,111248188222140855,"<p>I think it is worth underscoring a point: </p><p>A potential conflict of interest does not mean that you are a bad person or that you made a bad decision. </p><p>It means that it is hard to _trust_ that your decisions don't have an ulterior motive because you stand to gain from some aspect of the situation. </p><p>For instance, with blocklists:</p><p>If trusted source A is acting against instance C because of behavior against an aggregating blocklist, that's a problem</p><p>1/</p>",2023-10-17 03:17:17+00:00,[],[],0,0
2221,111248198216957013,<p>That's a problem because B (the aggregating blocklist) has made a choice to include A and now has a reason based on this behavior to not want to exclude A or get rid of them as a trusted source. That _incentive_ is what people mean when they talk about a conflict of interest. </p><p>It doesn't mean that the decision to act against C was wrong.   It doesn't mean that they were thinking about this at all. It doesn't mean that B will actually favor them</p><p>2/</p>,2023-10-17 03:19:50+00:00,[],[],0,0
2222,111248213387170253,"<p>Similarly, A has another conflict of interest here if they step in to defend B: They aren't an unbiased party in this situation _either_, as the success here increases their influence. </p><p>It doesn't mean that that's why they did it, but it does mean that there is an apparent conflict of interest and people could be reasonably skeptical that the behavior doesn't have ulterior motives.</p><p>3/</p>",2023-10-17 03:23:41+00:00,[],[],0,0
2223,111248225260171366,"<p>The former judge in the Disney v. DeSantis federal case recused himself because a third degree relation owned a small amount of Disney stock, even though he didn't think that the case was likely to affect the stock price, the amount of stock was small, and certainly he would see no direct benefit from it.</p><p>Why? Because he was avoiding even the appearance of a COI. </p><p>He didn't say ""trust me,"" he said ""I'm going to eliminate the question.""</p><p>4/</p>",2023-10-17 03:26:42+00:00,[],[],0,0
2224,111248239703663216,"<p>There are several ways to handle apparent conflicts of interest. </p><p>For example: </p><p>* You can _disclose_ the conflict and acknowledge it. I maintained my criticism of the <a href=""https://hachyderm.io/tags/FSEP"" class=""mention hashtag"" rel=""nofollow noopener noreferrer"" target=""_blank"">#<span>FSEP</span></a> proposal here in part because it didn't disclose the relationship between the author of the proposal and TBS.</p><p>* You can have another group or entity that has a lower stake in the question make the decision or be able to overrule the decision. This is how, e.g.,  nonprofits work</p><p>5/</p>",2023-10-17 03:30:23+00:00,[],"[{'name': 'fsep', 'url': 'https://genomic.social/tags/fsep'}]",0,0
2225,111248268935712162,"<p>* You can recuse yourself from the decision entirely and just say ""we will not make decisions/recommendations based on the behavior toward B[/A]. Others can make their own decisions here.""</p><p>* You can change the dynamic to remove the appearance. For example, removing yourself from B or eliminating A from consideration in B, thus rendering them more independent. </p><p>Without taking steps here it is reasonable people could conclude that there's a COI.</p><p>6/6</p>",2023-10-17 03:37:49+00:00,[],[],0,0
2265,111248229344099145,"<p>It's not really very funny. Nonetheless, thank you The Onion. <a href=""https://www.theonion.com/landlord-forced-to-raise-rent-due-to-thinking-of-bigger-1850922943"" rel=""nofollow noopener noreferrer"" translate=""no"" target=""_blank""><span class=""invisible"">https://www.</span><span class=""ellipsis"">theonion.com/landlord-forced-t</span><span class=""invisible"">o-raise-rent-due-to-thinking-of-bigger-1850922943</span></a></p>",2023-10-17 03:27:45+00:00,[],[],0,0
2282,111248373788689944,"<p>New glasses! I had already been hankering after cat-eye frames before I started presenting feminine full-time, so I'm pretty excited about these.</p>",2023-10-17 04:04:29+00:00,[],[],0,0
2288,111248396329955204,<p>Jumping Jack Flash (1986) is just as much of a hacking movie as Swordfish (and more enjoyable too).</p>,2023-10-17 04:10:12+00:00,[],[],0,0
2333,111248417789155671,"<p>Not surprised to see National Government will allow inhumane export of live animals. They had no difficulty with their own MP Barbara Kuriger bullying government staff over prosecuting her son for mistreatment of animals. <br><a href=""https://mastodon.nz/tags/NZpol"" class=""mention hashtag"" rel=""nofollow noopener noreferrer"" target=""_blank"">#<span>NZpol</span></a> <br><a href=""https://www.rnz.co.nz/news/political/500398/ban-on-live-animal-exports-likely-to-be-overturned-by-new-government"" rel=""nofollow noopener noreferrer"" translate=""no"" target=""_blank""><span class=""invisible"">https://www.</span><span class=""ellipsis"">rnz.co.nz/news/political/50039</span><span class=""invisible"">8/ban-on-live-animal-exports-likely-to-be-overturned-by-new-government</span></a></p>",2023-10-17 04:15:37+00:00,[],"[{'name': 'nzpol', 'url': 'https://genomic.social/tags/nzpol'}]",0,0
2367,111248428473525222,"<p>My proxy variable for <a href=""https://petrous.vislae.town/tags/ttrpg"" class=""mention hashtag"" rel=""nofollow noopener noreferrer"" target=""_blank"">#<span>ttrpg</span></a> crunchiness is: does the direction my character is looking during combat modify what value foes need to hit me from some direction(s)?</p>",2023-10-17 04:18:08+00:00,[],"[{'name': 'ttrpg', 'url': 'https://genomic.social/tags/ttrpg'}]",0,0
2442,111248471111305450,<p>The biggest lie that hierarchy has to sell in order to perpetuate itself is that most people are not capable of discerning right from wrong by themselves. That morality is enforced rather than intuitive. The irony is that this becomes self-fulfilling when we break the empathy of our children to give them a better chance at improving their place in the social order. Imagine how messed up it would make you if you were hit as a child for acknowledging scent? Same vibes</p>,2023-10-17 04:29:12+00:00,[],[],0,0
2469,111248480222682919,"<p>Egg ğŸ¦• IRL Transfem Meme <a href=""https://redd.it/179m29r"" rel=""nofollow noopener noreferrer"" target=""_blank""><span class=""invisible"">https://</span><span class="""">redd.it/179m29r</span><span class=""invisible""></span></a></p>",2023-10-17 04:31:28+00:00,[],[],0,0
2541,111248502314482266,<p>Why is DEBRA the answer to messing with lines on the screen?!?</p>,2023-10-17 04:37:08+00:00,[],[],0,0
2658,111248566686181796,"<p>17 Half Asleep</p><p><a href=""https://aus.social/tags/looptober"" class=""mention hashtag"" rel=""nofollow noopener noreferrer"" target=""_blank"">#<span>looptober</span></a> <a href=""https://aus.social/tags/looptober23"" class=""mention hashtag"" rel=""nofollow noopener noreferrer"" target=""_blank"">#<span>looptober23</span></a> <a href=""https://aus.social/tags/looptoberfsvo"" class=""mention hashtag"" rel=""nofollow noopener noreferrer"" target=""_blank"">#<span>looptoberfsvo</span></a> </p><p><a href=""https://music.mikelynch.org/library/tracks/431/"" rel=""nofollow noopener noreferrer"" translate=""no"" target=""_blank""><span class=""invisible"">https://</span><span class=""ellipsis"">music.mikelynch.org/library/tr</span><span class=""invisible"">acks/431/</span></a></p>",2023-10-17 04:53:31+00:00,[],"[{'name': 'looptober', 'url': 'https://genomic.social/tags/looptober'}, {'name': 'looptober23', 'url': 'https://genomic.social/tags/looptober23'}, {'name': 'looptoberfsvo', 'url': 'https://genomic.social/tags/looptoberfsvo'}]",0,0
2793,111248607633853981,<p>ğŸ–¼</p>,2023-10-17 05:03:57+00:00,[],[],0,0
2852,111248657434851933,<p>My pet uranium rock :3</p>,2023-10-17 05:16:32+00:00,[],[],0,0
2929,111248552500026923,<p>they used to put websites on pigeons</p>,2023-10-17 04:49:56+00:00,[],[],0,0
3054,111248751492458903,"<p>Book 3 of October 2023</p><p><em>Darwinian Racism</em> by Richard Weikart</p><p>I ordered this book from a local website that sells books. I wanted to read what he said about this as someone had suggested that people watch a video by him and I cannot absorb from audio.</p><p>He makes a pretty good case that the Nazi's based their beliefs about race on their interpretation of evolutionary theory.</p><p>The publisher lists it as<br>""<br>Categories: Intelligent Design<br>Publisher: Discovery Institute Press<br>Published: February 1, 2022<br>""</p><p>From my reading he implies that evolutionary theory leads to fascism. This I disagree with. I am also doubtful about Intelligent Design, I am not going to make a case about it though.</p><p>""The Discovery Institute (DI) is a politically conservative think tank, that advocates the pseudoscientific concept of intelligent design (ID). It was founded in 1991 in Seattle as a non-profit offshoot of the Hudson Institute.""<br><a href=""https://en.wikipedia.org/wiki/Discovery_Institute"" rel=""nofollow noopener noreferrer"" translate=""no"" target=""_blank""><span class=""invisible"">https://</span><span class=""ellipsis"">en.wikipedia.org/wiki/Discover</span><span class=""invisible"">y_Institute</span></a></p><p><span class=""h-card"" translate=""no""><a href=""https://a.gup.pe/u/bookstodon"" class=""u-url mention"" rel=""nofollow noopener noreferrer"" target=""_blank"">@<span>bookstodon</span></a></span> <a href=""https://strangeobject.space/tags/Books"" class=""mention hashtag"" rel=""nofollow noopener noreferrer"" target=""_blank"">#<span>Books</span></a> <a href=""https://strangeobject.space/tags/Bookstodon"" class=""mention hashtag"" rel=""nofollow noopener noreferrer"" target=""_blank"">#<span>Bookstodon</span></a> <a href=""https://strangeobject.space/tags/Reading"" class=""mention hashtag"" rel=""nofollow noopener noreferrer"" target=""_blank"">#<span>Reading</span></a></p>",2023-10-17 05:40:32+00:00,"[{'id': 109320186314717580, 'username': 'bookstodon', 'url': 'https://a.gup.pe/u/bookstodon', 'acct': 'bookstodon@a.gup.pe'}]","[{'name': 'books', 'url': 'https://genomic.social/tags/books'}, {'name': 'bookstodon', 'url': 'https://genomic.social/tags/bookstodon'}, {'name': 'reading', 'url': 'https://genomic.social/tags/reading'}]",0,0
3070,111248764339535870,"<p>Ok so I've read the first few paragraphs of the ""techno optimist manifesto"" that everyone is talking about and I'm going to summarize : ""decades of science-based facts are lies, we have the **belief** that growth is the solution.""</p><p>I stopped reading around there, for obvious reasons</p>",2023-10-17 05:43:42+00:00,[],[],0,0
3122,111248792476552015,<p>Miks mÃ¤ jatkan tÃ¤tÃ¤â€¦</p>,2023-10-17 05:50:46+00:00,[],[],0,0
3318,111248873877071354,"<p>Body-doubling really can't be overstated. I despise everything about music work that isn't practicing or performing, yet I got more time working on sheet music and recording today while body-doubling than I have in any single day in the past...uh...probably ever? I got sheet music for a violin duet finalised, even got fingerings written into it, got it imported into Reaper to get ready for a recording session, and had time to spare to make some sizable edits to it to make an ocarina/violin duet version :frog_blush:â€‹ :furret_excited:â€‹</p><p><a href=""https://cutie.city/tags/Music"" class=""mention hashtag"" rel=""nofollow noopener noreferrer"" target=""_blank"">#<span>Music</span></a> <a href=""https://cutie.city/tags/Musician"" class=""mention hashtag"" rel=""nofollow noopener noreferrer"" target=""_blank"">#<span>Musician</span></a> <a href=""https://cutie.city/tags/MusicianLife"" class=""mention hashtag"" rel=""nofollow noopener noreferrer"" target=""_blank"">#<span>MusicianLife</span></a> <a href=""https://cutie.city/tags/Violin"" class=""mention hashtag"" rel=""nofollow noopener noreferrer"" target=""_blank"">#<span>Violin</span></a> <a href=""https://cutie.city/tags/Violinist"" class=""mention hashtag"" rel=""nofollow noopener noreferrer"" target=""_blank"">#<span>Violinist</span></a> <a href=""https://cutie.city/tags/ADHD"" class=""mention hashtag"" rel=""nofollow noopener noreferrer"" target=""_blank"">#<span>ADHD</span></a> <a href=""https://cutie.city/tags/MentalHealth"" class=""mention hashtag"" rel=""nofollow noopener noreferrer"" target=""_blank"">#<span>MentalHealth</span></a></p>",2023-10-17 06:11:39+00:00,[],"[{'name': 'music', 'url': 'https://genomic.social/tags/music'}, {'name': 'musician', 'url': 'https://genomic.social/tags/musician'}, {'name': 'musicianlife', 'url': 'https://genomic.social/tags/musicianlife'}, {'name': 'violin', 'url': 'https://genomic.social/tags/violin'}, {'name': 'violinist', 'url': 'https://genomic.social/tags/violinist'}, {'name': 'ADHD', 'url': 'https://genomic.social/tags/ADHD'}, {'name': 'mentalhealth', 'url': 'https://genomic.social/tags/mentalhealth'}]",0,0
3319,111248884920752674,<p>Shinkansen nau.</p>,2023-10-17 06:14:10+00:00,[],[],0,0
3366,111248899765847045,"<p>I propose a tournament: Cartoon Theme Songs Across 4 Decades<br><a href=""https://www.resetera.com/threads/775658"" rel=""nofollow noopener noreferrer"" target=""_blank""><span class=""invisible"">https://www.</span><span class="""">resetera.com/threads/775658</span><span class=""invisible""></span></a><br><a href=""https://botsin.space/tags/resetera"" class=""mention hashtag"" rel=""nofollow noopener noreferrer"" target=""_blank"">#<span>resetera</span></a></p>",2023-10-17 06:18:14+00:00,[],"[{'name': 'resetera', 'url': 'https://genomic.social/tags/resetera'}]",0,0
3384,111248909596840955,<p>This made me laugh out loud. Until I saw that they dragged Ada Lovelace into this shit</p>,2023-10-17 06:20:41+00:00,[],[],0,0
3392,111248911151444991,"<p>Iâ€™m sorry for this late night thought and the foul language but is it just me or is NASA (+ partner agencies) knocking it out of the fucking park the past few years?!</p><p>Like, I donâ€™t really think space should *exactly* be our top priority (hey hey itâ€™s me, Earth! Pay attention to me, your sustaining habitat!!!) but yeah okay space and the universe etc are awe-inspiring but frankly so is the human ingenuity and collaboration behind every NASA mission.</p><p>OK good night</p>",2023-10-17 06:21:06+00:00,[],[],0,0
3432,111248926066144748,<p>Booze</p>,2023-10-17 06:24:34+00:00,[],[],0,0
3514,111248952788527896,overexposed face reveal,2023-10-17 06:31:37.518000+00:00,[],[],0,0
3564,111248967532146234,<p>If your pass 1 tarif is exactly as expensive as your pass 2 tarif then maybe dear SNCFâ€¦. Your pass 1 tarif is way too high!</p>,2023-10-17 06:35:23+00:00,[],[],0,0
3705,111249020420740666,"<p>no good feeling, i felt like my brain over 50% transition completed during last two days. i just realized itâ€™s not like i need something as i woke up yesterday morning, but lost something then feel like needingâ€¦sth for exchange, maybe. </p><p>i donâ€™t know whatâ€™s that even when iâ€™m working i could feel that, a little sad and sweet, lost and need, in every minute.</p>",2023-10-17 06:48:56+00:00,[],[],0,0
3764,111249060493175281,"<p>If I were on tech.lgbt, I would definitely move after reading their own summary of their mod teamâ€™s actions. Moderating is hard, but based on their own representation of a series of mistakes by their mod team, they have a large number of mods without the basic skills necessary to do the job. I am not seeing any plans to address this that seem likely to succeed and I am really sad about that :(</p><p><a href=""https://info.tech.lgbt/2023/10/13/thebadspace-situation.html"" rel=""nofollow noopener noreferrer"" translate=""no"" target=""_blank""><span class=""invisible"">https://</span><span class=""ellipsis"">info.tech.lgbt/2023/10/13/theb</span><span class=""invisible"">adspace-situation.html</span></a></p>",2023-10-17 06:59:04+00:00,[],[],0,0
3771,111249060025845720,"<p>It's the Day of Ares / Mars' Day / <a href=""https://mastodon.social/tags/Tuesday"" class=""mention hashtag"" rel=""nofollow noopener noreferrer"" target=""_blank"">#<span>Tuesday</span></a>! ğŸ—¡ï¸</p><p>Ares with his girl Aphrodite and her retinue. Their children, the Erotes, take away his weapons and armour, bringing peace.</p><p>ğŸ›ï¸ Ares and Aphrodite in a 3rd century Roman <a href=""https://mastodon.social/tags/mosaic"" class=""mention hashtag"" rel=""nofollow noopener noreferrer"" target=""_blank"">#<span>mosaic</span></a> from Philipopolis, modern Shahba, <a href=""https://mastodon.social/tags/Syria"" class=""mention hashtag"" rel=""nofollow noopener noreferrer"" target=""_blank"">#<span>Syria</span></a>.</p><p><span class=""h-card"" translate=""no""><a href=""https://a.gup.pe/u/antiquidons"" class=""u-url mention"" rel=""nofollow noopener noreferrer"" target=""_blank"">@<span>antiquidons</span></a></span> <span class=""h-card"" translate=""no""><a href=""https://a.gup.pe/u/histodons"" class=""u-url mention"" rel=""nofollow noopener noreferrer"" target=""_blank"">@<span>histodons</span></a></span> <span class=""h-card"" translate=""no""><a href=""https://a.gup.pe/u/mythology"" class=""u-url mention"" rel=""nofollow noopener noreferrer"" target=""_blank"">@<span>mythology</span></a></span><br><a href=""https://mastodon.social/tags/DayOfAres"" class=""mention hashtag"" rel=""nofollow noopener noreferrer"" target=""_blank"">#<span>DayOfAres</span></a> <a href=""https://mastodon.social/tags/GreekRomanArt"" class=""mention hashtag"" rel=""nofollow noopener noreferrer"" target=""_blank"">#<span>GreekRomanArt</span></a> <a href=""https://mastodon.social/tags/mythology"" class=""mention hashtag"" rel=""nofollow noopener noreferrer"" target=""_blank"">#<span>mythology</span></a> <a href=""https://mastodon.social/tags/Ares"" class=""mention hashtag"" rel=""nofollow noopener noreferrer"" target=""_blank"">#<span>Ares</span></a> <a href=""https://mastodon.social/tags/Aphrodite"" class=""mention hashtag"" rel=""nofollow noopener noreferrer"" target=""_blank"">#<span>Aphrodite</span></a> <a href=""https://mastodon.social/tags/MosaicMonday"" class=""mention hashtag"" rel=""nofollow noopener noreferrer"" target=""_blank"">#<span>MosaicMonday</span></a></p>",2023-10-17 06:59:00+00:00,"[{'id': 109318932370637549, 'username': 'antiquidons', 'url': 'https://a.gup.pe/u/antiquidons', 'acct': 'antiquidons@a.gup.pe'}, {'id': 109285399493268176, 'username': 'histodons', 'url': 'https://a.gup.pe/u/histodons', 'acct': 'histodons@a.gup.pe'}, {'id': 109560329162984941, 'username': 'mythology', 'url': 'https://a.gup.pe/u/mythology', 'acct': 'mythology@a.gup.pe'}]","[{'name': 'tuesday', 'url': 'https://genomic.social/tags/tuesday'}, {'name': 'mosaic', 'url': 'https://genomic.social/tags/mosaic'}, {'name': 'syria', 'url': 'https://genomic.social/tags/syria'}, {'name': 'dayofares', 'url': 'https://genomic.social/tags/dayofares'}, {'name': 'greekromanart', 'url': 'https://genomic.social/tags/greekromanart'}, {'name': 'mythology', 'url': 'https://genomic.social/tags/mythology'}, {'name': 'ares', 'url': 'https://genomic.social/tags/ares'}, {'name': 'aphrodite', 'url': 'https://genomic.social/tags/aphrodite'}, {'name': 'MosaicMonday', 'url': 'https://genomic.social/tags/MosaicMonday'}]",0,0
3840,111249086925086148,"<p>So first Israel tells a million people to evacuate northern Gaza for southern Gaza. Not a realistic proposition in any universe (that's half the population, where are they supposed to go? How will they eat, drink? etc). Then they go ahead and continue bombing southern Gaza anyway. sick bastards.<br><a href=""https://www.aljazeera.com/news/liveblog/2023/10/16/israel-hamas-war-live-iran-warns-resistance-front-may-attack"" rel=""nofollow noopener noreferrer"" translate=""no"" target=""_blank""><span class=""invisible"">https://www.</span><span class=""ellipsis"">aljazeera.com/news/liveblog/20</span><span class=""invisible"">23/10/16/israel-hamas-war-live-iran-warns-resistance-front-may-attack</span></a></p>",2023-10-17 07:05:48+00:00,[],[],0,0
3874,111249102146866966,"<p>Another day of reluctant vegan.</p><p>This was toastada. Refried black beans, fried tofu, salsa, lettuce, avo, coriander, chipotle spices</p>",2023-10-17 07:09:33+00:00,[],[],0,0
3904,111249113069473020,<p>Pretty scarf with colors :blobcateyes: :blobcatpeek:</p>,2023-10-17 07:12:25+00:00,[],[],0,0
3924,111249122992008938,<p>?<br>y <br>quÃ© <br>tiene <br>de <br>malo <br>la <br>zona <br>de <br>confort <br>Â¿</p>,2023-10-17 07:14:45+00:00,[],[],0,0
3929,111249079707358820,"<p>I've been following this really closely, so let me spell out some assertions I hold to be true here.</p><p><strong>NO</strong>, the post by the .lgbt mod was neither the first nor the most popular post calling out TheBadSpace. <strong>NO</strong>, the criticisms of the list were not rooted in, or in any way informed by, the race of the maintainer (Ro).</p><p><strong>YES</strong>, shitty people capitalized on the drama to harass Ro, but <strong>NO</strong> person on .lgbt's staff condoned, encouraged, prompted, or supported this at any point.</p><p><strong>NO</strong>, .lgbt is not ""as bad as KiwiFarms""; such a comparison is abhorrent, given the very real lives destroyed by KF. Nobody who makes a claim like this should be taken seriously.</p><p><strong>NO</strong>, folks are not ""spreading lies"" when suggesting that Ro's fediblock posts influence the contents of his own blocklist. Many of his ""trusted"" sources follow him closely and block on his command, and he revels in the indirect authority this gives him and the pain this causes anyone critical of him.</p>",2023-10-17 07:04:00+00:00,[],[],0,0
3930,111249107000609248,"<p>There is <strong>NO</strong> evidence whatsoever that supports an accusation that tech.lgbt's leadership was in <em>any</em> way involved in a harassment campaign against Ro or TheBadSpace. Further, there is <strong>NO</strong> reason to suspect that the instance is an unsafe one for any marginalized group.</p><p>Even if there was an interpersonal conflict between one instance's mod and the staff of another, is there any good reason whatsoever to sever tens of thousands of connections as punishment for that? <strong>FUCK NO</strong>.</p><p>Is there evidence that .art only holds smaller, more vulnerable instances to this standard while excusing far worse things from larger instances, on account of the revenue the larger instances represent? <strong><a href=""https://dotart.blog/dotart-blog/dotarts-moderation-policies-and-racism#:%7E:text=They%27re%20still%20problematic%2C%20but%20they%27re%20also%20hundreds%20of%20thousands%20of%20potential%20art%20buyers."" rel=""nofollow noopener noreferrer"" target=""_blank"">YES</a></strong>, in WelshPixie's own words.</p><p>What is happening is, to put it bluntly, a fucking travesty. It's a slap in the face to solidarity, to community, to the resilience of the Fediverse at large, and a warning sign to countless many to stay away.</p>",2023-10-17 07:10:57+00:00,[],[],0,0
3988,111249149873574849,"<p>.ã€€ã€€ã€€â˜½ã€€<br> ï¹ï¹à·´à·´ï¹ï¹Î›ï¹<br>  ã€€ ã€€ã€€ã€€      ã€€    Â· ,  ã€€   .        Â°     ã€€</p>",2023-10-17 07:21:50+00:00,[],[],0,0
4004,111249156592383270,"<p>C'est dÃ©routant ce concept de droit international de la guerre, convention de GenÃ¨ve, etc. Cet ensemble de rÃ¨gles qui dit ce qui est acceptable ou non, qui et comment tuer, comment envahir, etc. L'utilisation de gaz est par exemple interdite, sinon c'est un ""crime de guerre"". Pourquoi doit-on tolÃ©rer ceci et pas celÃ  ? OÃ¹ on s'arrÃªte ? Parce que moi j'ajouterai bien que tuer, c'est un crime de guerre et qu'on ne devrait pouvoir se battre qu'en jouant Ã  ""chat"" en courrant tout nu.</p>",2023-10-17 07:23:33+00:00,[],[],0,0
4012,111249024587296665,"<p>Â«KjÃ¸nnsinkongruens regnes i dag som en ikke-sykelig tilstand og ingen psykiatrisk diagnose. Dette til tross for at mennesker med kjÃ¸nnsinkongruens svÃ¦rt ofte har andre psykiatriske symptomer. Hvis vi utvider horisonten litt, finnes det ogsÃ¥ andre former for misforhold mellom kropp og hode. Helsevesenet aksepterer ikke en avmagret anorektikers absurde overbevisning om Ã¥ vÃ¦re for feit. Hvorfor har det samme helsevesenet gÃ¥tt sÃ¥ langt i Ã¥ akseptere at en overbevisning om at man har feil kjÃ¸nn, er normalt?Â»</p><p>this is a quote from Glenn-Peter SÃ¦tre, who is the ""expert"" biologist often invited when there are ""debates"" on trans people on the media, to defend the ""hard science"" of ""biological sex"". <br>He authored a book out just now titled ""To kjÃ¸nn"" that I have the disgrace to see everyday in a bookshop window near my office.<br>I have been trying to edit his wikipedia page <a href=""https://no.wikipedia.org/wiki/Glenn-Peter_S%C3%A6tre"" rel=""nofollow noopener noreferrer"" translate=""no"" target=""_blank""><span class=""invisible"">https://</span><span class=""ellipsis"">no.wikipedia.org/wiki/Glenn-Pe</span><span class=""invisible"">ter_S%C3%A6tre</span></a> to include a statement on his politics on gender but all my edits have been changed. In the last iteration at least they kept the above quote but they moved it in a note. </p><p>If you look at the edit history, it's hilarious, someone tries to say that one of my edit was an attempt to ""cancel"" a professor, and someone else thank fuck points out that he fucking wrote the fucking words himself..</p><p>anyway.. I had to let go because this is not a hill I want to die on and I foamed with rage for too long already.. it does not make any fucking difference in the end, things for trans people will keep being fucked for a long while here</p><p><a href=""https://octodon.social/tags/Norsktut"" class=""mention hashtag"" rel=""nofollow noopener noreferrer"" target=""_blank"">#<span>Norsktut</span></a></p>",2023-10-17 06:49:59+00:00,[],"[{'name': 'Norsktut', 'url': 'https://genomic.social/tags/Norsktut'}]",0,0
4036,111249169868533385,<p>Is it a plane? Is it a bird?</p><p>W R O N G</p><p>Featherless biped :blobcatthumbsup:</p>,2023-10-17 07:26:49+00:00,[],[],0,0
4081,111249185703125147,"<p>About 2,000 U.S. troops have been told to get ready to deploy in anticipation of the ground offensive. The American soldiers would not be sent to Israel but could be assigned to other countries in the region for support roles such as medical assistance or providing security at gate crossings, the Associated Press reported Monday, citing U.S. officials.</p><p><a href=""https://www.msn.com/en-us/news/world/2-000-us-troops-told-to-prepare-to-deploy-in-response-to-israel-hamas-war-updates/ar-AA1ii0os?ocid=winp2fptaskbar&amp;cvid=6b14eab877534117b1e9eac87512be79&amp;ei=8"" rel=""nofollow noopener noreferrer"" translate=""no"" target=""_blank""><span class=""invisible"">https://www.</span><span class=""ellipsis"">msn.com/en-us/news/world/2-000</span><span class=""invisible"">-us-troops-told-to-prepare-to-deploy-in-response-to-israel-hamas-war-updates/ar-AA1ii0os?ocid=winp2fptaskbar&amp;cvid=6b14eab877534117b1e9eac87512be79&amp;ei=8</span></a></p>",2023-10-17 07:30:57+00:00,[],[],0,0
4152,111249216264108417,"<p>When was the last time you felt surprised? <a href=""https://botsin.space/tags/Poll"" class=""mention hashtag"" rel=""nofollow noopener noreferrer"" target=""_blank"">#<span>Poll</span></a> <a href=""https://botsin.space/tags/Polls"" class=""mention hashtag"" rel=""nofollow noopener noreferrer"" target=""_blank"">#<span>Polls</span></a> <a href=""https://botsin.space/tags/Tootsday"" class=""mention hashtag"" rel=""nofollow noopener noreferrer"" target=""_blank"">#<span>Tootsday</span></a></p>",2023-10-17 07:38:43+00:00,[],"[{'name': 'poll', 'url': 'https://genomic.social/tags/poll'}, {'name': 'polls', 'url': 'https://genomic.social/tags/polls'}, {'name': 'tootsday', 'url': 'https://genomic.social/tags/tootsday'}]",0,0
4160,111249220949679040,"<p>Indiaâ€™s supreme court refuses to allow same-sex marriage in landmark verdict | The Independent</p><p><a href=""https://www.independent.co.uk/asia/india/indian-supreme-court-same-sex-marriage-b2430825.html"" rel=""nofollow noopener noreferrer"" translate=""no"" target=""_blank""><span class=""invisible"">https://www.</span><span class=""ellipsis"">independent.co.uk/asia/india/i</span><span class=""invisible"">ndian-supreme-court-same-sex-marriage-b2430825.html</span></a></p><p>Court urges government to enact legal recognition of same-sex relationships but stops short of including these under definition of marriage</p><p><a href=""https://masto.ai/tags/Transgender"" class=""mention hashtag"" rel=""nofollow noopener noreferrer"" target=""_blank"">#<span>Transgender</span></a> <a href=""https://masto.ai/tags/trans"" class=""mention hashtag"" rel=""nofollow noopener noreferrer"" target=""_blank"">#<span>trans</span></a> <a href=""https://masto.ai/tags/lgbtq"" class=""mention hashtag"" rel=""nofollow noopener noreferrer"" target=""_blank"">#<span>lgbtq</span></a></p>",2023-10-17 07:39:54+00:00,[],"[{'name': 'transgender', 'url': 'https://genomic.social/tags/transgender'}, {'name': 'trans', 'url': 'https://genomic.social/tags/trans'}, {'name': 'lgbtq', 'url': 'https://genomic.social/tags/lgbtq'}]",0,0
4162,111249196888891198,"<p>Gay morning all ğŸ‘‹ğŸ¥±</p><p>I'm technically awake, but struggling to get out of bed.</p><p>It doesn't help that my cat MÄui is snuggled right up against my legs :PleadingFace: </p><p><a href=""https://cultofshiv.wtf/tags/GayMorning"" class=""mention hashtag"" rel=""nofollow noopener noreferrer"" target=""_blank"">#<span>GayMorning</span></a> <a href=""https://cultofshiv.wtf/tags/GoodMorning"" class=""mention hashtag"" rel=""nofollow noopener noreferrer"" target=""_blank"">#<span>GoodMorning</span></a> <a href=""https://cultofshiv.wtf/tags/TransSelfie"" class=""mention hashtag"" rel=""nofollow noopener noreferrer"" target=""_blank"">#<span>TransSelfie</span></a> <a href=""https://cultofshiv.wtf/tags/CatsOfMastodon"" class=""mention hashtag"" rel=""nofollow noopener noreferrer"" target=""_blank"">#<span>CatsOfMastodon</span></a> <a href=""https://cultofshiv.wtf/tags/CatsOfTheFediverse"" class=""mention hashtag"" rel=""nofollow noopener noreferrer"" target=""_blank"">#<span>CatsOfTheFediverse</span></a> </p><p>CW for left image: direct eye contact</p>",2023-10-17 07:33:48+00:00,[],"[{'name': 'gaymorning', 'url': 'https://genomic.social/tags/gaymorning'}, {'name': 'GoodMorning', 'url': 'https://genomic.social/tags/GoodMorning'}, {'name': 'transselfie', 'url': 'https://genomic.social/tags/transselfie'}, {'name': 'catsofmastodon', 'url': 'https://genomic.social/tags/catsofmastodon'}, {'name': 'catsofthefediverse', 'url': 'https://genomic.social/tags/catsofthefediverse'}]",0,0
4272,111249263940409687,<p>Forgot yesterdays breakfast</p>,2023-10-17 07:50:43+00:00,[],[],0,0
4286,111249267983971173,<p>And for today: ğŸ¥‘ ğŸ… ğŸ¥š</p>,2023-10-17 07:51:46+00:00,[],[],0,0
4306,111249278738329850,"<p>Twitter pays thousands to account blasted for â€˜mockingâ€™ childâ€™s suicide <a href=""https://www.dailydot.com/news/twitter-monetizes-account-mocked-childs-death/"" rel=""nofollow noopener noreferrer"" translate=""no"" target=""_blank""><span class=""invisible"">https://www.</span><span class=""ellipsis"">dailydot.com/news/twitter-mone</span><span class=""invisible"">tizes-account-mocked-childs-death/</span></a></p>",2023-10-17 07:54:36+00:00,[],[],0,0
4315,111249265447062993,"<p>A game about a vigilante train engineer detective who investigates high stakes train crimes.  Call it ""Loco Motive"".</p>",2023-10-17 07:51:14+00:00,[],[],0,0
4392,111248756779132771,"<p>Over 1,000 children have now been killed in Gaza bombing.  </p><p><a href=""https://www.aljazeera.com/news/liveblog/2023/10/16/israel-hamas-war-live-iran-warns-resistance-front-may-attack"" rel=""nofollow noopener noreferrer"" translate=""no"" target=""_blank""><span class=""invisible"">https://www.</span><span class=""ellipsis"">aljazeera.com/news/liveblog/20</span><span class=""invisible"">23/10/16/israel-hamas-war-live-iran-warns-resistance-front-may-attack</span></a><br>Source: Al Jazeera English</p>",2023-10-17 05:41:53+00:00,[],[],0,0
4459,111249337712893986,"<p>there's no justification for staying on that site at this point</p><p><a href=""https://www.dailydot.com/news/twitter-monetizes-account-mocked-childs-death/"" rel=""nofollow noopener noreferrer"" translate=""no"" target=""_blank""><span class=""invisible"">https://www.</span><span class=""ellipsis"">dailydot.com/news/twitter-mone</span><span class=""invisible"">tizes-account-mocked-childs-death/</span></a></p>",2023-10-17 08:09:37+00:00,[],[],0,0
4552,111249376980178391,"<p>Hypothetical Ahsoka response to watching her Padawan kill every senator in the Republic:<br>""You made the decision that was right for you. You will always have my supportâ€”and also zero criticism, accountability, nor responsibility.""</p>",2023-10-17 08:19:36+00:00,[],[],0,0
4561,111249066975093610,"<p>Vous commandez oÃ¹ aiguilles et seringues ?<br>J'Ã©tais passÃ© par apothicom la derniÃ¨re fois, mais lÃ  Ã§a me propose 15â‚¬ de frais de port pour 14â‚¬ de commande, le ratio me tente bof ğŸ˜¬</p>",2023-10-17 07:00:46+00:00,[],[],0,0
4564,111248087938230457,<p>ğŸ–¼</p>,2023-10-17 02:51:47+00:00,[],[],0,0
4574,111249338954488559,"<p>Jacinta Price Figures That Optus Must Be Down After Not Receiving One Phone Call From Coalition Colleagues Since Campaign Ended</p><p><a href=""https://www.betootaadvocate.com/entertainment/jacinta-price-figures-that-optus-must-be-down-after-not-receiving-one-phone-call-from-coalition-colleagues-since-campaign-ended/"" rel=""nofollow noopener noreferrer"" translate=""no"" target=""_blank""><span class=""invisible"">https://www.</span><span class=""ellipsis"">betootaadvocate.com/entertainm</span><span class=""invisible"">ent/jacinta-price-figures-that-optus-must-be-down-after-not-receiving-one-phone-call-from-coalition-colleagues-since-campaign-ended/</span></a></p>",2023-10-17 08:09:56+00:00,[],[],0,0
4591,111249395577358281,"<p>Went back to using <a href=""https://chaos.social/tags/Xorg"" class=""mention hashtag"" rel=""nofollow noopener noreferrer"" target=""_blank"">#<span>Xorg</span></a>.</p><p>Thanks <a href=""https://chaos.social/tags/nvidia"" class=""mention hashtag"" rel=""nofollow noopener noreferrer"" target=""_blank"">#<span>nvidia</span></a>!</p>",2023-10-17 08:24:17+00:00,[],"[{'name': 'xorg', 'url': 'https://genomic.social/tags/xorg'}, {'name': 'nvidia', 'url': 'https://genomic.social/tags/nvidia'}]",0,0
4612,111249404373638940,"<p>Friends to lovers trope? ğŸ¥ºğŸ‘‰ğŸ‘ˆ</p><p><a href=""https://fosstodon.org/tags/LateNightBlues"" class=""mention hashtag"" rel=""nofollow noopener noreferrer"" target=""_blank"">#<span>LateNightBlues</span></a></p>",2023-10-17 08:26:34+00:00,[],"[{'name': 'latenightblues', 'url': 'https://genomic.social/tags/latenightblues'}]",0,0
4671,111249427575474073,"<p>POL-HOM: Verkehrsunfallflucht in Blieskastel NiederwÃ¼rzbach, info@presseportal.de (presseportal.de) <a href=""https://social.saarland/tags/news"" class=""mention hashtag"" rel=""nofollow noopener noreferrer"" target=""_blank"">#<span>news</span></a>  <a href=""https://social.saarland/tags/saarland"" class=""mention hashtag"" rel=""nofollow noopener noreferrer"" target=""_blank"">#<span>saarland</span></a></p><p><a href=""https://www.presseportal.de/blaulicht/pm/138521/5626952"" rel=""nofollow noopener noreferrer"" translate=""no"" target=""_blank""><span class=""invisible"">https://www.</span><span class=""ellipsis"">presseportal.de/blaulicht/pm/1</span><span class=""invisible"">38521/5626952</span></a></p>",2023-10-17 08:32:28+00:00,[],"[{'name': 'news', 'url': 'https://genomic.social/tags/news'}, {'name': 'saarland', 'url': 'https://genomic.social/tags/saarland'}]",0,0
4677,111249430075681128,<p>I very much prefer Wayland over Xorg btw</p><p>Scrolling in any application feels like I am using some ancient Windows computer. With Wayland that experience was close to an Apple computer.</p>,2023-10-17 08:33:03+00:00,[],[],0,0
4713,111249442071501745,"<p>Itâ€™s difficult to put economical pressure on the companies paying for ad space on Twitter in the Musk era, now that many ads are at the level of Taboola-style chumboxes</p>",2023-10-17 08:36:09+00:00,[],[],0,0
4798,111249479455809606,"<p>BASE provides RSS and Atom feeds for arbitrary search queries, giving users the opportunity to receive notifications when matching documents are added to our search index.</p><p>Some of these feeds put a lot of strain on our systems. We need a way to to contact those who created them. That's why from now on, our feeds require a valid ""key"" URL parameter.</p><p>Please log in and copy your new feed URLs from your Search History:<br><a href=""https://www.base-search.net/Search/History"" rel=""nofollow noopener noreferrer"" translate=""no"" target=""_blank""><span class=""invisible"">https://www.</span><span class="""">base-search.net/Search/History</span><span class=""invisible""></span></a></p>",2023-10-17 08:45:37+00:00,[],[],0,0
4858,111249503401247941,"<p><a href=""https://social.sdf.org/tags/Wordle"" class=""mention hashtag"" rel=""nofollow noopener noreferrer"" target=""_blank"">#<span>Wordle</span></a> 850 5/6</p><p>â¬›â¬›â¬›â¬›ğŸŸ©<br>â¬›â¬›â¬›â¬›â¬›<br>â¬›ğŸŸ¨ğŸŸ¨ğŸŸ©â¬›<br>â¬›ğŸŸ¨ğŸŸ©ğŸŸ©ğŸŸ©<br>ğŸŸ©ğŸŸ©ğŸŸ©ğŸŸ©ğŸŸ©</p>",2023-10-17 08:51:43+00:00,[],"[{'name': 'Wordle', 'url': 'https://genomic.social/tags/Wordle'}]",0,0
4882,111249517641239232,"<p>I can see this is a hot potato question, but as a researcher of cognitive bias I see it as a fundamental one, so I ask again: What representation of the actual events unfolding in Gaza are average Israelis being led to form and believe in?</p><p><a href=""https://twitter.com/SaulStaniforth/status/1713811260662255910"" rel=""nofollow noopener noreferrer"" translate=""no"" target=""_blank""><span class=""invisible"">https://</span><span class=""ellipsis"">twitter.com/SaulStaniforth/sta</span><span class=""invisible"">tus/1713811260662255910</span></a></p>",2023-10-17 08:55:21+00:00,[],[],0,0
4947,111249524372783954,<p>Peter Bone? The guy who blocked upskirting laws and FGM protections? Hit and abused staff and got his dick out in a professional hotel roomshare sitch?</p><p>Itâ€s always the ones you most expect.</p>,2023-10-17 08:57:05+00:00,[],[],0,0
4966,111249534090484225,<p>two months and two days woop woop</p>,2023-10-17 08:59:33+00:00,[],[],0,0
4996,111249555114148097,"<p>Yeah, I know this was previous host's special interest, but I'm allowed to like meteorology too, especially giving ""Typhie"" is a shortening of ""Athena Typhoon"" which I shortened because we have another Athena in the system, and it feels weird just to sign with ""-Typhoon"" as a proxy, and ""Typhie"" sounds cute, which describes how I look in the inner world, anyway enjoy this video on spicy noodles from the sky - Typhie</p><p><a href=""https://youtu.be/9Qn3VdUf9YI"" rel=""nofollow noopener noreferrer"" target=""_blank""> The Scale of Tornadoes </a></p>",2023-10-17 09:04:52+00:00,[],[],0,0
5044,111249573157383402,<p>Update! Itâ€™s only been a couple days since Iâ€™ve done all these things ğŸ˜Œ</p>,2023-10-17 09:09:29+00:00,[],[],0,0
5049,111249574876739622,"<p>Guten Morgen liebe Sorgen!</p><p>Heute ein spÃ¤tes aber dafÃ¼r ausgiebiges FrÃ¼hstÃ¼ck beim BÃ¤cker und leider nur die Tageszeitung von gestern, mangels aktuellerer Literatur. </p><p>WÃ¼nsche allen einen entspannten Tag =)</p>",2023-10-17 09:09:54+00:00,[],[],0,0
