,Category,Language Assessment 
" 'Transphobic behavior such as intentional misgendering and deadnaming is strictly prohibited. Promotion of ""conversion therapy"" is strictly prohibited. Criticism of governments and religions is permissible unless being used as a proxy for discrimination.', ",hate speech,
"['Treat people with kindness üíñ', ",general respectfulness,
"'No racism, homophobia, xenophobia, sexism, discrimination, nazis. üõë', ",hate speech,
"'Report bad or suspicious activity ‚ö†Ô∏è  Use the block button when needed üö´ ',",moderation,
" 'Use a Content Warning (CW) when posting sexual, graphic, and potentially triggering subject matters ü´£', ",content warning,
"'Think carefully before sharing personal information üîê ', ",??,
'Bleep-bloop-bleep. No robots ü§ñ '],random,
" 'This includes content that is particularly provocative even if it may not show specific body parts, as well as dead bodies, bloody injuries, and other gore. Particularly obscene content may be prohibited entirely. Profile pictures and header images may not contain sexually explicit or violent media.',","sexual content, violence",
"'Calling for people or groups to be assassinated, murdered, or attacked physically is strictly prohibited. Support for violent groups or events is prohibited.', ",hate speech,
"'Repeat attempts to communicate with users who have blocked you or creation of accounts solely to harass or insult individuals is strictly prohibited. Coordinated activity to attack other users is prohibited. Posting of private personal information about others is prohibited.', ",harassment,
"'False and misleading information and links from low-quality sources may not be posted, especially if they are likely to mislead or confuse others or endanger their safety.', ",misinformation,
"'Content created by others must clearly provide a reference to the author, creator, or source. For adult content, this should include performers. Accounts may not solely post AI-generated content.', ",AI-generated content,
"Free to spread, free to criticize, free to believe or not to believe. Let's communicate with each other in a friendly manner!]",??,
"['Let us know who you are and why you are joining. ', ",instance restriction,
"'Kind/grateful Android devs only.', ",general respectfulness,
"'Donations very appreciated at https://donate.androiddev.social if you have the means to support us.\r\n', ",donations,
"No brands unless you reach out first.', ",brand promotion,
"No nudity, porn or nsfw content may be posted to androiddev.social. If you are looking to post this content please find another instance.', ",sexual content  ,
"'Abide by our terms of service, available at https://androiddev.social/privacy-policy. ']",moderation,
"['No bigotry/racism/homophobia/transphobia or anything of the sort.', ",hate speech,
"'NSFW content must be given a content warning and posted with unlisted visibility (or lower).', ",content warning,
"'No malicious acts towards other people or instances.', ",harassment,
"'No incitement of violence or promotion of violent ideologies.', ",violence ,
"'No harassment, dogpiling or doxxing of other users.', ","harassment, doxxing",
"'No uploading malware or any harmful materials.', ",??,
"'Content generated through large language/media diffusion models (more commonly referred to as ""AI"") must be disclosed as such.', ",AI-generated content,
"'Temporary rule: when signing up, please do not use Outlook/Hotmail/Live email addresses, as we cannot guarantee mail delivery to them.']",instance restriction,
"[""Don't be a dick"", ",general respectfulness,
"'Sexually explicit or violent media must be marked as sensitive when posting', ",content warning,
"'No incitement of violence or promotion of violent ideologies', ",violence ,
"'No harassment, dogpiling or doxxing of other users', ","harassment, doxxing",
"'No content illegal in Germany', ",illegal,
"'Do not share false or misleading information that may lead to physical harm', ",misinformation,
"'No racism, sexism, homophobia, transphobia, xenophobia, or casteism']",hate speech,
"['Be welcoming. Be kind. Look out for each other.', ",general respectfulness,
"'Conduct or speech which might be considered sexist, racist, homophobic, transphobic, ableist or otherwise discriminatory or offensive in nature is not permitted.', ",hate speech,
"'No intimidation or harassment (online or in-person). Please read the Citizen Code of Conduct for how we interpret harassment.', ","harassment, moderation",
"'No violence, threats of violence, or violent language.',",violence ,
" 'Sustained disruption of online discussion is unacceptable.', ",??,
"'Illegal content is not allowed. This server is located in (and subject to the laws of) the United States.', ",illegal,
"'The administrators reserve the right to remove users or defederate with instances.', ",moderation,
'You must be over the age of 13 to use this service.'],age restriction,
"['We do not accept racism (in all its forms, incl. hate against Muslims, antisemitism, apartheid and casteism - see our Terms of Service for our complete definition).', ",hate speech,
"We do not accept hate against lesbians, gays, bisexuals, pansexuals,  transgenders, non-binary people, intersexual people, queer people in general, etc.', ",hate speech,
"Sexism, misogyny and hate against black women (misogynoir).', ",hate speech,
"'We do not accept ableism (incl. COVID-19 denial/downplaying and anti-vax) and body-shaming.', ",hate speech ,
"We do not accept harassment and trolling.', ",hate speech,
"We also do not accept other forms of hate speech.', ",hate speech,
"'We do not accept (sexual) abuse of minors, adults and animals (also not virtual).', ",sexual content,
"'We do not accept glorification of violence, calls for murder, death threats, terrorism and militarism.', ",violence ,
"'We do not accept (neo)colonialism (incl. Zionism), imperialism in all forms and nationalism (above all nationalism of nation states,  incl. flags/symbols of those on Todon.*, see our Terms of Service).', ",propaganda,
"'We do not accept fascism, right-wing populism, and right-wing and religious extremism.', ",propaganda,
"'We do not accept evangelisation and other forms of religious propaganda [local only], and extreme sects and cults.', ",propaganda,
"'We do not accept Marxist-Leninists (Stalinists, Maoists, etc) or other followers of extreme authoritarian (so called) communist/socialist ideologies/regimes (aka tankies).', ",propaganda,
"We do not accept capitalists, including so called 'anarcho-capitalists' (aka ancaps) and neoliberals., ",propaganda,
"We do not accept anthropogenic climate change denial, downplaying the climate crisis, greenwashing and deceptive climate solutions (like nuclear energy).',",propaganda,
" ""We do not accept (right-wing) conspiracy 'theories', hoaxes, fake news and other forms of disinformation."", ",propaganda,
'Another rule in our terms of service at wiki.todon.eu/todon/terms_en. Explain in the final step (reports only).'],moderation,
"['Sexuell freiz√ºgige oder gewaltt√§tige Medien m√ºssen mit einer Inhaltswarnung versehen werden. Sexually explicit or violent media must be marked as sensitive when posting.',","content warning, sexual, violence",
" 'Kein Rassismus, Sexismus, Homophobie, Transfeindlichkeit, Fremdenfeindlichkeit oder Diskriminierung aufgrund der sozialen Herkunft. No racism, sexism, homophobia, transphobia, xenophobia, or casteism.', ",hate speech,
,,
"'Keine Aufrufe zur Gewalt oder Verbreitung gewaltt√§tiger Ideen. No incitement of violence or promotion of violent ideologies.', ",violence,
"Keine Bel√§stigung, Mobbing oder Blo√üstellung anderer Nutzer. No harassment, dogpiling or doxxing of other users.',","harassment, doxxing",
'Keine Verbreitung von absichtlich falschen oder irref√ºhrenden Informationen. Do not share intentionally false or misleading information.'],misinformation,
" 'Keine in Deutschland rechtswidrigen Inhalte. No content illegal in Germany.', ",illegal,
"['Do not share illegal content in France (pedophilia, mainly).', ",illegal,
"'Do not take part of a harassment.', ",harassment  ,
"'Do not put someone in danger.', ",??,
"'Do not have a racist, sexist, discriminating or oppressive talk.', ",hate speech,
"'Do not voluntarily degrade the prosperity or the good atmosphere of the instance.', ",??,
'Unpleasant shitposting or flooding or abusive ads on public timelines is forbidden.'],ads,
"['Respeta la identidad propia, las experiencias y la personalidad de los dem√°s. Todos los tipos de personalidad son bienvenidos aqu√≠, siempre que respeten y no da√±en a los dem√°s. Al mismo tiempo, ten en cuenta que los dem√°s pueden cometer errores o utilizar una terminolog√≠a diferente a la tuya.', ",,
"'Racismo, machismo, capacitismo, homofobia, transfobia, queerfobia, xenofobia, antisemitismo, islamofobia y supremacismo blanco suponen bloqueo inmediato y, en caso de que los administradores consideren que esta conducta puede ser delictiva, una denuncia inmediata a las autoridades.', ",,
"'Se bloquear√° inmediatamente a toda persona o dominio que impl√≠cita o expl√≠citamente difunda ret√≥rica fascista, nazi, franquista, de extrema derecha y otras formas de nacionalismo violento o excluyente. En caso de detectar un posible delito de odio los administradores contactar√°n con las autoridades.', 'Se bloquear√° a toda cuenta o dominio que comparta enlaces o material multimedia violento o que promueva la violencia. Los administradores se reservan el derecho a informar a las autoridades en caso de que encuentren indicios de actividad delictiva.', ",,
"'Queda prohibido el acoso a usuarios, usuarias y usuaries en todas sus formas, incluyendo el acoso sexual, sealioning, flaming, doxxing, bullying, joseo, subtooting, outing o suplantaci√≥n de identidad entre otras formas de acoso.', ",,
"'Se bloquear√° a toda cuenta o dominio que promueva conductas lesivas para la salud como el consumo y distribuci√≥n de drogas, los trastornos de alimentaci√≥n, las autolesiones, el suicidio, la ludopat√≠a y la apolog√≠a de conductas da√±inas para la salud f√≠sica y mental de la persona en general.', ",,
"'Queda terminantemente prohibida la distribuci√≥n de textos, enlaces o material multimedia donde se incluya o sugiera actividad sexual o desnudos de menores, reales o figurados. Los administradores de Paquita podr√°n contactar con las autoridades en caso de que detecten posible actividad delictiva.', ",,
"'Paquita es una instancia libre de pornograf√≠a. No se permite a usuarios, usuarias o usuaries, trabajadores sexuales o no, que distribuyan repetidamente enlaces o material multimedia donde se muestre actividad sexual o fluidos corporales, aunque se haga catalogando el material como sensible y #NSFW.', 'Compartir material multimedia o enlaces sobre desnudez est√° permitido, siempre que sean desnudos propios de la persona que sube el material, sin involucrar a terceros, y que se catalogue como material sensible y se incluya advertencia o CW sobre este contenido, con las etiquetas #NSFW y #Nudity.', 'Se puede compartir ocasionalmente el propio trabajo o el de otras personas, pero no est√° permitido el marketing agresivo, el spam o publicitar productos y servicios si se recibe un pago o recompensa sustancial por ello.', ",,
"'Se considera recompensa sustancial cualquier regalo al usuario por un valor superior a 20‚Ç¨. El beneficio propio por compartir cualquier enlace promocional ha de ser debidamente advertido.', ",,
"'Se bloquear√° a usuarios y dominios que compartan repetidamente bulos (especialmente bulos pol√≠ticos, cient√≠ficos o sanitarios) o teor√≠as conspirativas tales como la Teor√≠a del Reemplazo.', ",,
"'Queda terminantemente prohibido promocionar o distribuir contenidos relacionados con las criptomonedas, esquemas Ponzi o de econom√≠a piramidal, juegos de azar, apuestas de cualquier tipo, loot boxes o consejos de trading tanto en mercados regulados como no regulados.', ",,
"'Se proh√≠be la difusi√≥n de material multimedia o enlaces que muestren a personas en estado de embriaguez o bajo el efecto del abuso de drogas, tanto legales como ilegales.', ",,
"'Podr√° mostrarse material audiovisual de alcohol y tabaco siempre con content warning y en un contexto de moderaci√≥n. Se proh√≠ben los enlaces para comprar o promocionar alcohol o tabaco en cualquier circunstancia.', ",,
"'Queda prohibida la difusi√≥n o promoci√≥n de textos, enlaces o material audiovisual acerca de las llamadas ‚Äúbebidas energ√©ticas‚Äù con alto contenido en cafe√≠na, cuyo marketing est√° dirigido espec√≠ficamente a menores, especialmente vulnerables.', ",,
"'Est√° terminantemente prohibida la difusi√≥n de material audiovisual o enlaces que muestren drogas ilegales o de venta muy restringida, como la marihuana.', ",,
"'Se proh√≠be aconsejar la toma de cualquier medicamento, requiera este o no prescripci√≥n m√©dica. Si una persona solicita consejo m√©dico y alguien habilitado para ello quiere d√°rselo, deber√° ser estrictamente en privado.', ",,
"'En Paquita se interpretar√° la insistencia en dar consejos sobre dieta, estilo de vida y salud a una persona que no los ha solicitado como una forma de acoso. Intentar avergonzar a una persona por su cuerpo o aspecto f√≠sico supone expulsi√≥n inmediata.', ",,
"'La legislaci√≥n aplicable en la instancia Paquita es la del estado de Espa√±a. Asimismo, no se permitir√° ning√∫n contenido ilegal en Alemania. Paquita se adhiere activamente a los principios de la Declaraci√≥n Universal de los Derechos Humanos y la Convenci√≥n de Derechos del Ni√±o.', ",,
"'En semejanza al concepto jur√≠dico de ""buena fe"", Paquita espera que sus usuarios se atendr√°n en todo momento al esp√≠ritu de la normativa aqu√≠ esbozada y no intentar√°n aprovechar detalles formales de la redacci√≥n de las normas en su beneficio.']",,
"['Keine Drohungen oder Beleidigungen // No threats or insults', ",harassment,
"'Keine Urheberrechtsverletzungen // No copyright infringements', ",copyright,
"'Kein Missbrauch f√ºr unternehmerische oder werbliche Zwecke // No misuse for business or advertising purposes', ",??,
"'Keine Aufforderung zu Gewalt oder Hetze // No incitement to violence or agitation', ",violence,
"'Rassismus und radikales Gedankengut sind verboten // Racism and radical ideas are prohibited', ",hate speech,
'NSFW Inhalte m√ºssen gekennzeichnet werden // NSFW content must be tagged'],"content warning, sexual warning",
"['Be pervy, be kind.\r\n\r\nWe are a kink-positive and sex-positive community. Though it says rubber in the name, we welcome all types of risk aware consensual kink.', ",general respectfulness,
"'No harassment or abuse.\r\n\r\nRacism, misogyny, transphobia, homophobia, or body shaming will not be tolerated.', ","harassment, hate speech",
"'Keep it legal\r\n\r\nNo child pornography. Users are assumed to be 18 years old or otherwise legal to view sexual content in their jurisdiction.', ",illegal,
"'Use Content Warnings or Sensitive Content flags.\r\n\r\nSince we federate with other instances please mark any media with exposed genitals as Sensitive Content or with a Content Warning. No exposed genitals in your avatar or banner image please.', ","content warning, sexual content",
"Use the #promo hashtag on ads or commercial posts.\r\n\r\nWe're excited for kink vendors to participate in our community. That said we'd like to keep it more of a flea market than a mall. So that users can easily identify them: posts promoting goods and/or services must use the #promo hashtag., ",??,
"'Accounts that flood with non-original or third-party content will be Silenced.', ",??,
"'Sign-Up Approval: \r\n\r\nApproval required for sign-up for anti-spam purposes. Don\'t need much, just enough to show you\'re not a spammer. Just a simple ""I like rubber"" works even!']",spam,
"['Beitr√§ge, die eine Person oder Gruppe diskriminieren, sind nicht erlaubt. Dies betrifft insbesondere ableistische, transfeindliche, rassistische, homophobe, misogyne, misandrische und antisemitische Inhalte sowie vergleichbares.', ",,
"'Beitr√§ge, die die freiheitlich-demokratische Grundordnung in Frage stellen oder gar gef√§hrden, sind nicht erlaubt. Dazu geh√∂rt auch die Unterst√ºtzung undemokratischer Parteien, NGOs und Gruppierungen, wie beispielsweise der AfD, Querdenken oder Russia Today.', ",,
"'Beitr√§ge, die gegen deutsches Recht versto√üen, sind nicht erlaubt. Dies betrifft insbesondere, aber nicht ausschlie√ülich, Bel√§stigung, Beleidigung, Verleumdung, Drohung und Doxing. ', ",,
"'F√ºr Verschw√∂rungsmythen au√üerhalb eines vern√ºnftigen Diskussionsrahmens bieten wir keine Plattform.', ",,
"'Wissenschaftliche Diskussionen sollen auf der Basis von Evidenz gef√ºhrt werden, sofern diese vorhanden ist.\r\nEntsprechende Falschaussagen und deren Verbreitung haben auf dieser Instanz keinen Platz.', ",,
"'Ein Versto√ü kann durch Entfernen des Beitrags, Verwarnung, zeitweise Sperrung oder L√∂schung des Kontos sanktioniert werden.', ",,
"'Alle* haben das Recht, via Beitragsmeldung oder E-Mail an kontakt@medibubble.org zeitnah Hilfe zu erhalten.\r\nIm Streitfall gilt hier das gleiche wie bei Munchkin: ob gegen eine Regel versto√üen wurde, entscheidet das Moderationsteam.', ",,
"'Vor der zeitweisen Sperrung oder L√∂schung eines Kontos soll die betroffene Person geh√∂rt werden. Widerspruch gegen Sanktionen wird im Vieraugenprinzip entschieden. Die Gr√ºnde werden mitgeteilt. Transparente Moderationsrichtlinien sollen nach und nach erarbeitet werden. ', ",,
"'Instanzen, die gegen o.g. Regeln versto√üen oder solche Verst√∂√üe f√∂rdern, werden instanzweit gesperrt. \r\nTwitter-Relays werden instanzweit stummgeschaltet, sodass sie auffindbar sind, aber nicht aktiv angeboten werden. Einzelne dieser Botkonten werden nach Meldung des/der Betroffenen gesperrt.']",,
,,
"['No racism, sexism, homophobia, transphobia, able-ism, etc.', ",hate speech,
"'No serious dishonesty that is hurtful to others (e.g. falsely representing oneself as a member of a minority; services offering to write academic papers to help students cheat; vaccine denialism; predatory conferences or journals; overt pseudoscience such as flat-earther-ism etc.)', ",??,
"No spam',",spam,
" 'No impersonating other people', ",identity theft ,
"'No harassment of any kind', ",harassment,
"'No bots or ""institutional"" accounts operated by non-members (Scholar Social is for individuals)', ",bots,
"'No automated cross-posters from Twitter, RSS, etc. on Public privacy setting (includes other 3rd party ""timed posting"" platforms)', ",bots,
"'No providing unsolicited advice to strangers', ",??,
"'No un-described images or video on Public privacy setting', ",??,
"'No shortened links, e.g. bit.ly, t.ly, goo.gl, ift.tt, lnkd.in, is.gd or t.co (These are malicious because link-shorteners track users without their consent and obscure the destination address, which also prevents users from being able to decide whether they want to visit the link beforehand)', ",,
"No advertisements or apologia for cryptocurrencies, NFT's, or multi-level marketing schemes, ",,
"'No police officers, military, or employees of any law enforcement or intelligence agency']",,
"['Be nice to each other. No shitposting on this server.\r\nTrolls will not be tolerated. Please act in a civilized manner.', ",,
"'No porn, explicit or violent media, racism, sexism, fascism, homophobia, or any other form of abusive behavior, harassment or hate speech.', ",,
"'No incitement of violence or promotion of violent ideologies.', ",,
"'No doxxing of users. Any form of harassment will not be tolerated.', 'No content illegal in Belgium or, by extension, EU law.', ",,
"'No intentional spreading of fake news, false information or misleading content.\r\nThis includes attempts to impersonate Mastodon staff.', ",,
"'No spam or advertising.', ",,
"Politics and religion is tolerated but discouraged. Please use a Content Warning if you do post them.\r\nWhatever your political or religious view may be is your concern but we'd appreciate it if you wouldn't use this platform to plaster it in other people's faces., ",,
"Please don't bring discussions from other Social Media channels over to Mastodon.\r\nIf you want to discuss a topic, please do it on the originating side., ",,
"If you're a commercial or government entity or you represent one, please consider hosting your own Mastodon instance.\r\nThis instance is set up and paid for by volunteers in order to give users access to the Fediverse.\r\nIt's not intended to be used as a commercial or governmental platform., ",,
"'This is a private Mastodon instance, access to this server is a privilege and not a right.\r\nThe right to access and/or use this server may be revoked at any given time.\r\n', ""Interpretation of these rules is up to the server's admin discretion and is not open for discussion.\r\nThey may change without prior notice.""]",,
"['Keine rassistische, sexistische, homophobe, transphobe, beeintr√§chtigtenfeindliche und anderweitig diskriminierende oder hasserf√ºllte Sprache. ""Starke Sprache"" muss mit einer Inhaltswarnung versehen werden.', 'Kein Bel√§stigung einzelner Personen durch ungew√ºnschte Kontaktaufnahme, Stalking oder Doxing.', 'Keine Beitr√§ge, die in der Republik √ñsterreich oder in der Europ√§ischen Union gegen geltendes Recht versto√üen.', ",,
"'Kein Verbreiten von Verschw√∂rungserz√§hlungen oder Fake-News.\r\n', ",,
"'Nicht jugendfreie Beitr√§ge m√ºssen als solche gekennzeichnet werden. \r\n', ",,
"'Profilbilder und Banner, die nicht jugendfrei sind, werden nicht toleriert.\r\n', ",,
"'Kommerzielle Werbung auf eigene Produkte muss als solche gekennzeichnet sein. √úberm√§√üige oder automatisierte Werbung wird nicht toleriert.', 'Automatisiertes Posten von Texten und Medien dritter, sofern es nicht als Zitat behandelt und darauf Bezug genommen wird, ist nicht erlaubt. Darunter fallen insbesondere automatische Re-Tweets von Twitter.', ",,
"'Bot-Accounts, also Nutzerkonten, die gr√∂√ütenteils automatisierte Inhalte erstellen, m√ºssen als solche gekennzeichnet sein, d√ºrfen nicht auf der lokalen Timeline posten und d√ºrfen nur mit Nutzer:innen interagieren, wenn sie dazu eingeladen worden sind.', ",,
"'Nicht als jemand anderes ausgeben (Verwechslungsgefahr)', ",,
"'Beitr√§ge d√ºrfen nur in deutscher oder englischer Sprache verfasst werden.', ",,
"'R√ºcksicht, Menschlichkeit und eine respektvolle Diskussionskultur.', ",,
"'Zusammenh√§ngende Posts sind im Allgemeinen in Threads zusammen zu fassen. Antworten sind dabei bis auf thematische Au√ünahmen auf ""ungelistet"" zu setzen.']",,
"['No discrimination, including (but not limited to) racism, sexism, homophobia or transphobia.', ",,
"'No explicit (NSFW) content without content warnings and/or sensitive media markers. Explicit content must not be used in user avatars or header images.', 'No harassment of other users on this or other servers.', ",,
"'No disinformation regarding public health issues or political/military campaigns.', ",,
"'No spam. This includes commercial advertising, promotional campaigns, and SEO.', ",,
"'No incitement of violence or promotion of violent ideologies.', ",,
"'This is a dedicated space for Black humans, our voices, and our experiences.']",,
"['16+ und CH-Bezug: F√ºr Personen ab 16 Jahren aus der Schweiz und solche, die sich mit der Schweiz verbunden f√ºhlen. F√ºr juristische Personen braucht es einen Gesch√§ftssitz in der Schweiz.', ",,
"'Wir stehen ein f√ºr Inklusion: Diskriminierung (Rassismus, Sexismus, Homophobie. Transphobie oder andere Formen) sind bei uns nicht geduldet.', 'Inhaltswarnungen: Explizite Inhalte m√ºssen hinter Inhaltswarnungen (inkl. sinnvoller Beschreibung) verborgen sein und sind in Profilbildern nicht erlaubt. Dazu geh√∂ren beispielsweise Nacktbilder und Gewaltdarstellungen.\r\nExplizit pornografische Darstellungen sind nicht erlaubt.', ",,
"'Respektvoller Umgang: Bel√§stigungen von anderen Benutzern werden nicht geduldet. Dazu geh√∂rt auch Doxing, Cyberbullying, Stalking und √§hnliches Verhalten.', ",,
"'Gesetzeskonform: Es sind nur Inhalte gem√§ss Schweizer Recht erlaubt.', ",,
"'Aufruf zum Frieden: Aufstachelung zur Gewalt oder Verbreitung und F√∂rderung von Gewaltideologien sind nicht geduldet. Auch s√§mtliche Formen von Hatespeech sind nicht geduldet.', ",,
"'Wahrheitsgebot: Kritische Diskussionen sind erw√ºnscht, doch es werden keine Desinformationen geduldet. Dazu geh√∂ren unter anderem Fake News oder Verschw√∂rungstheorien.', ",,
"'Inhalte von Menschen f√ºr Menschen: Werbung ist unerw√ºnscht, wird aber im kleinen Rahmen toleriert. Accounts, die nur Werbung liefern, werden geblockt. SEO, Bots und Crossposting ohne Interaktion wollen wir nicht.', ",,
"'Lokale und f√∂derierte Timeline: Accounts, die regelm√§ssig explizite Inhalte posten, k√∂nnen aus der lokalen und der f√∂derierten Timeline f√ºr eine unbestimmte Dauer ausgeblendet werden. Das Ermessen hierzu liegt beim Mod-Team.', ",,
"'Hausrecht: Dies ist eine privat betriebene Instanz. Wir halten uns deshalb das Recht vor, einzelne Accounts ohne Angaben von Gr√ºnden auszuschliessen.']",,
"['You assume all liability for what you post.', ",,
"Don't do anything illegal in the US or government goons are going to send me letters and force me, at gunpoint, to look for information about you.]",,
['Pas de contenu illicite.'],,
,,
"['Sexually explicit or violent media must be marked as sensitive when posting', ",,
"'No racism, sexism, homophobia, transphobia, xenophobia, or casteism', 'No incitement of violence or promotion of violent ideologies', ",,
"'No harassment, dogpiling or doxxing of other users', ",,
'No content illegal in Germany or France'],,
"["" Act like an adult  (This is not a catch all for reporting content that you don't want to see)"", ",,
"' No illegal content', ",,
" Post only safe for work content (and don't follow NSFW accounts, as it pollutes the global feed)]",,
"['*About this node*', ",,
"'https://venera.social/friendica', ",,
"'*Nutzungsbedingungen, Datenschutz und Datensicherheit*', ",,
"'Version 1.2, vom 17. M√§rz 2021.', 'Betreiberinformationen gem√§√ü ¬ß 5 TMG', ",,
"'Steffen Krumbholz', ",,
"'Olbrichtstra√üe 6a', ",,
"'04157 Leipzig', ",,
"'Deutschland', 'E-Mail: hostmaster(at)libranet(dot)de', ",,
"'Info: https://venera.social/friendica', ",,
"'Spenden/Donations', ",,
"'If you want to donate something to support venera.social üçÄ, please follow the link to Liberapay or Paypal (associated with libranet.de).', ",,
"'1. Vorwort', 'venera.social üçÄ ist eine Installation der Software des Friendica-Projektes. Der Quellcode der Software ist f√ºr jeden offen zug√§nglich und kann eingesehen, heruntergeladen, genutzt und verteilt werden.', ",,
"'Friendica ist ein dezentrales soziales Netzwerk, welches Nutzern erlaubt, Inhalte miteinander zu teilen, Informationen auszutauschen und Spa√ü zu haben.', ",,
"'2. Haftung f√ºr Inhalte, Links und alles andere', 'Der Betreiber der Plattform m√∂chte einen freien Informationsaustausch gew√§hrleisten. Die Haftung f√ºr Inhalte, die durch Nutzer erstellt werden - Beitr√§ge, Nachrichten und mehr - liegt beim Nutzer. Der Betreiber ist keinesfalls haftbar.', ",,
"'Die Nutzer sind angehalten, in einer respektvollen Art und Weise zu kommunizieren. Insbesondere, aber nicht ausschlie√ülich, werden Bel√§stigungen, Hassreden, Rassismus und Gewalt nicht geduldet.', ",,
"'Die Nutzer werden aufgefordert, keine Inhalte zu ver√∂ffentlichen, die gegen in der Bundesrepublik Deutschland anwendbares Recht versto√üen. Sollten Inhalte gegen Gesetze versto√üen und wird der Betreiber darauf aufmerksam gemacht, wird der Betreiber den Nutzer, auch √∂ffentlich, kontaktieren und um Kl√§rung des Problems und ggf. die L√∂schung der Inhalte bitten. Sollte keine andere M√∂glichkeit bestehen, wird der Betreiber die Inhalte l√∂schen.', ",,
"'Zus√§tzlich zur Entfernung strafrechtlich relevanter Beitr√§ge beh√§lt sich der Betreiber das Recht vor, Inhalte, welche sich am Rande der Legalit√§t bewegen oder nicht klar einzustufen sind, nach einer Ank√ºndigung zu entfernen. Diese Definition umfasst insbesondere aber nicht ausschlie√ülich pornografische (und ggf. erotische) Darstellungen minderj√§hriger Personen, auch wenn diese nicht der gesetzlichen Definition von ""kinderpornographischen Schriften"" entsprechen.', ",,
"'3. Haftung f√ºr Ausf√§lle und Datenverlust', 'Der Betreiber gibt sich M√ºhe, die Plattform m√∂glichst unterbrechungs- und verlustfrei zu betreiben. Hierf√ºr wird allerdings keinerlei Haftung √ºbernommen.', ",,
"'4. Urheberrecht', 'Das Urheberrecht f√ºr Texte, Bilder und sonstige Medien, die ein Benutzer auf libranet.de hochladen kann, bleibt beim Nutzer. Eine √úbertragung auf den Betreiber des Servers findet nicht statt.', ",,
"'Sollte ein Nutzer wissentlich oder unwissentlich gegen g√ºltiges Urheberrecht versto√üen, ist dieser darauf hinzuweisen. Entsprechende Kontaktdaten k√∂nnen beim Betreiber erfragt werden.', ",,
"'5. Datenschutz und Datensicherheit', 'Dem Betreiber ist es wichtig, die Daten der Nutzer zu sch√ºtzen. Es werden keinerlei Daten durch den Betreiber ausgewertet oder an dritte Personen weitergegeben, au√üer die Weitergabe wird rechtlich erzwungen. In einem solchen Fall k√∂nnen folgende Daten weitergegeben werden:', ",,
"'* Benutzername', '* E-Mail-Adresse', ",,
"'* IP-Adresse und Zeitpunkt der letzten Anmeldung', 'F√ºr Daten, die an andere Friendica-Knoten oder an externe Dienste wie Twitter gesendet werden, kann der Betreiber keinerlei Aussagen treffen. Hier sind die Datenschutzbestimmungen der jeweiligen Plattform zu beachten.', ",,
"'Um einen sicheren und st√∂rungsarmen Betrieb zu erreichen, werden automatisiert Serverprotokolle (Logfiles) erstellt. Diese werden typischerweise nach drei, sp√§testens jedoch nach sieben Tagen gel√∂scht. Dar√ºber hinaus werden durch den Betreiber regelm√§√üig Datensicherungen (Backups) der Anwendungen, Dateien und der Datenbank erstellt, um die Nutzer vor Datenverlust zu sch√ºtzen. Diese werden typischerweise nach sieben Tagen, sp√§tenstens jedoch nach einem Monat gel√∂scht.', ",,
"'Leider ist nichts perfekt, auch Friendica nicht. Der Betreiber kann daher nicht ausschlie√üen, dass Daten durch Sicherheitsl√ºcken und Angriffe auf die Systeme abgegriffen werden. Im Falle eines Datenverlustes wird der Betreiber die Nutzer dar√ºber informieren.', ",,
"'Hinweise', 'Diese Nutzungsbedingungen basieren auf der Vorlage des Geraspora Teams, welche unter der CC-BY ver√∂ffentlicht wurde.', ",,
"'*Datenschutzerkl√§rung gem√§√ü DSGVO*', ",,
"'Diese Datenschutzerkl√§rung kl√§rt Sie √ºber die Art, den Umfang und Zweck der Verarbeitung von personenbezogenen Daten (nachfolgend kurz ‚ÄûDaten‚Äú) innerhalb unseres Onlineangebotes und der mit ihm verbundenen Webseiten, Funktionen und Inhalte sowie externen Onlinepr√§senzen, wie z.B. unser Social Media Profile auf. (nachfolgend gemeinsam bezeichnet als ‚ÄûOnlineangebot‚Äú). Im Hinblick auf die verwendeten Begrifflichkeiten, wie z.B. ‚ÄûVerarbeitung‚Äú oder ‚ÄûVerantwortlicher‚Äú verweisen wir auf die Definitionen im Art. 4 der Datenschutzgrundverordnung (DSGVO).', 'Verantwortlicher', 'Steffen Krumbholz', 'Olbrichtstra√üe 6a', ",,
"'04157 Leipzig', ",,
"'Deutschland', ",,
"'E-Mail: hostmaster(at)libranet(dot)de', ",,
"'Info: https://venera.social/friendica', ",,
"'Arten der verarbeiteten Daten:', ",,
"'* Bestandsdaten (z.B. Namen, Adressen)', ",,
"'* Kontaktdaten (z.B. E-Mail, Telefonnummern)', ",,
"'* Inhaltsdaten (z.B. Texteingaben, Fotografien, Videos)', ",,
"'* Nutzungsdaten (z.B. besuchte Webseiten, Interesse an Inhalten, Zugriffszeiten)', ",,
"'* Meta-/Kommunikationsdaten (z.B. Ger√§te-Informationen, IP-Adressen)', 'Zweck der Verarbeitung', ",,
"'* Zurverf√ºgungstellung des Onlineangebotes, seiner Funktionen und Inhalte', ",,
"'* Beantwortung von Kontaktanfragen und Kommunikation mit Nutzern', ",,
"'* Sicherheitsma√ünahmen', ",,
"'Verwendete Begrifflichkeiten', ",,
"'‚ÄûPersonenbezogene Daten‚Äú sind alle Informationen, die sich auf eine identifizierte oder identifizierbare nat√ºrliche Person (im Folgenden ‚Äûbetroffene Person‚Äú) beziehen; als identifizierbar wird eine nat√ºrliche Person angesehen, die direkt oder indirekt, insbesondere mittels Zuordnung zu einer Kennung wie einem Namen, zu einer Kennnummer, zu Standortdaten, zu einer Online-Kennung (z.B. Cookie) oder zu einem oder mehreren besonderen Merkmalen identifiziert werden kann, die Ausdruck der physischen, physiologischen, genetischen, psychischen, wirtschaftlichen, kulturellen oder sozialen Identit√§t dieser nat√ºrlichen Person sind.', ",,
"'‚ÄûVerarbeitung‚Äú ist jeder mit oder ohne Hilfe automatisierter Verfahren ausgef√ºhrten Vorgang oder jede solche Vorgangsreihe im Zusammenhang mit personenbezogenen Daten. Der Begriff reicht weit und umfasst praktisch jeden Umgang mit Daten.', 'Als ‚ÄûVerantwortlicher‚Äú wird die nat√ºrliche oder juristische Person, Beh√∂rde, Einrichtung oder andere Stelle, die allein oder gemeinsam mit anderen √ºber die Zwecke und Mittel der Verarbeitung von personenbezogenen Daten entscheidet, bezeichnet.', ",,
"'Ma√ügebliche Rechtsgrundlagen', ",,
"'Nach Ma√ügabe des Art. 13 DSGVO teilen wir Ihnen die Rechtsgrundlagen unserer Datenverarbeitungen mit. Sofern die Rechtsgrundlage in der Datenschutzerkl√§rung nicht genannt wird, gilt Folgendes: Die Rechtsgrundlage f√ºr die Einholung von Einwilligungen ist Art. 6 Abs. 1 lit. a und Art. 7 DSGVO, die Rechtsgrundlage f√ºr die Verarbeitung zur Erf√ºllung unserer Leistungen und Durchf√ºhrung vertraglicher Ma√ünahmen sowie Beantwortung von Anfragen ist Art. 6 Abs. 1 lit. b DSGVO, die Rechtsgrundlage f√ºr die Verarbeitung zur Erf√ºllung unserer rechtlichen Verpflichtungen ist Art. 6 Abs. 1 lit. c DSGVO, und die Rechtsgrundlage f√ºr die Verarbeitung zur Wahrung unserer berechtigten Interessen ist Art. 6 Abs. 1 lit. f DSGVO. F√ºr den Fall, dass lebenswichtige Interessen der betroffenen Person oder einer anderen nat√ºrlichen Person eine Verarbeitung personenbezogener Daten erforderlich machen, dient Art. 6 Abs. 1 lit. d DSGVO als Rechtsgrundlage.', ",,
"'Sicherheitsma√ünahmen', ",,
"'Wir bitten Sie sich regelm√§√üig √ºber den Inhalt unserer Datenschutzerkl√§rung zu informieren. Wir passen die Datenschutzerkl√§rung an, sobald die √Ñnderungen der von uns durchgef√ºhrten Datenverarbeitungen dies erforderlich machen. Wir informieren Sie, sobald durch die √Ñnderungen eine Mitwirkungshandlung Ihrerseits (z.B. Einwilligung) oder eine sonstige individuelle Benachrichtigung erforderlich wird.', 'Zusammenarbeit mit Auftragsverarbeitern und Dritten', ",,
"'Sofern wir im Rahmen unserer Verarbeitung Daten gegen√ºber anderen Personen und Unternehmen (Auftragsverarbeitern oder Dritten) offenbaren, sie an diese √ºbermitteln oder ihnen sonst Zugriff auf die Daten gew√§hren, erfolgt dies nur auf Grundlage einer gesetzlichen Erlaubnis (z.B. wenn eine √úbermittlung der Daten an Dritte, wie an Zahlungsdienstleister, gem. Art. 6 Abs. 1 lit. b DSGVO zur Vertragserf√ºllung erforderlich ist), Sie eingewilligt haben, eine rechtliche Verpflichtung dies vorsieht oder auf Grundlage unserer berechtigten Interessen (z.B. beim Einsatz von Beauftragten, Webhostern, etc.).', ",,
"'Sofern wir Dritte mit der Verarbeitung von Daten auf Grundlage eines sog. ‚ÄûAuftragsverarbeitungsvertrages‚Äú beauftragen, geschieht dies auf Grundlage des Art. 28 DSGVO.', ",,
"'√úbermittlungen in Drittl√§nder', ",,
"'Sofern wir Daten in einem Drittland (d.h. au√üerhalb der Europ√§ischen Union (EU) oder des Europ√§ischen Wirtschaftsraums (EWR)) verarbeiten oder dies im Rahmen der Inanspruchnahme von Diensten Dritter oder Offenlegung, bzw. √úbermittlung von Daten an Dritte geschieht, erfolgt dies nur, wenn es zur Erf√ºllung unserer (vor)vertraglichen Pflichten, auf Grundlage Ihrer Einwilligung, aufgrund einer rechtlichen Verpflichtung oder auf Grundlage unserer berechtigten Interessen geschieht. Vorbehaltlich gesetzlicher oder vertraglicher Erlaubnisse, verarbeiten oder lassen wir die Daten in einem Drittland nur beim Vorliegen der besonderen Voraussetzungen der Art. 44 ff. DSGVO verarbeiten. D.h. die Verarbeitung erfolgt z.B. auf Grundlage besonderer Garantien, wie der offiziell anerkannten Feststellung eines der EU entsprechenden Datenschutzniveaus (z.B. f√ºr die USA durch das ‚ÄûPrivacy Shield‚Äú) oder Beachtung offiziell anerkannter spezieller vertraglicher Verpflichtungen (so genannte ‚ÄûStandardvertragsklauseln‚Äú).', ",,
"'Rechte der betroffenen Personen', ",,
"'Sie haben das Recht, eine Best√§tigung dar√ºber zu verlangen, ob betreffende Daten verarbeitet werden und auf Auskunft √ºber diese Daten sowie auf weitere Informationen und Kopie der Daten entsprechend Art. 15 DSGVO.', ",,
"'Sie haben entsprechend. Art. 16 DSGVO das Recht, die Vervollst√§ndigung der Sie betreffenden Daten oder die Berichtigung der Sie betreffenden unrichtigen Daten zu verlangen.', ",,
"'Sie haben nach Ma√ügabe des Art. 17 DSGVO das Recht zu verlangen, dass betreffende Daten unverz√ºglich gel√∂scht werden, bzw. alternativ nach Ma√ügabe des Art. 18 DSGVO eine Einschr√§nkung der Verarbeitung der Daten zu verlangen.', ",,
"'Sie haben das Recht zu verlangen, dass die Sie betreffenden Daten, die Sie uns bereitgestellt haben nach Ma√ügabe des Art. 20 DSGVO zu erhalten und deren √úbermittlung an andere Verantwortliche zu fordern.', ",,
"'Sie haben ferner gem. Art. 77 DSGVO das Recht, eine Beschwerde bei der zust√§ndigen Aufsichtsbeh√∂rde einzureichen.', ",,
"'Widerrufsrecht', ",,
"'Sie haben das Recht, erteilte Einwilligungen gem. Art. 7 Abs. 3 DSGVO mit Wirkung f√ºr die Zukunft zu widerrufen', ",,
"'Widerspruchsrecht', ",,
"'Sie k√∂nnen der k√ºnftigen Verarbeitung der Sie betreffenden Daten nach Ma√ügabe des Art. 21 DSGVO jederzeit widersprechen. Der Widerspruch kann insbesondere gegen die Verarbeitung f√ºr Zwecke der Direktwerbung erfolgen.', ",,
"'Cookies und Widerspruchsrecht bei Direktwerbung', ",,
"'Als ‚ÄûCookies‚Äú werden kleine Dateien bezeichnet, die auf Rechnern der Nutzer gespeichert werden. Innerhalb der Cookies k√∂nnen unterschiedliche Angaben gespeichert werden. Ein Cookie dient prim√§r dazu, die Angaben zu einem Nutzer (bzw. dem Ger√§t auf dem das Cookie gespeichert ist) w√§hrend oder auch nach seinem Besuch innerhalb eines Onlineangebotes zu speichern. Als tempor√§re Cookies, bzw. ‚ÄûSession-Cookies‚Äú oder ‚Äûtransiente Cookies‚Äú, werden Cookies bezeichnet, die gel√∂scht werden, nachdem ein Nutzer ein Onlineangebot verl√§sst und seinen Browser schlie√üt. In einem solchen Cookie kann z.B. der Inhalt eines Warenkorbs in einem Onlineshop oder ein Login-Staus gespeichert werden. Als ‚Äûpermanent‚Äú oder ‚Äûpersistent‚Äú werden Cookies bezeichnet, die auch nach dem Schlie√üen des Browsers gespeichert bleiben. So kann z.B. der Login-Status gespeichert werden, wenn die Nutzer diese nach mehreren Tagen aufsuchen. Ebenso k√∂nnen in einem solchen Cookie die Interessen der Nutzer gespeichert werden, die f√ºr Reichweitenmessung oder Marketingzwecke verwendet werden. Als ‚ÄûThird-Party-Cookie‚Äú werden Cookies bezeichnet, die von anderen Anbietern als dem Verantwortlichen, der das Onlineangebot betreibt, angeboten werden (andernfalls, wenn es nur dessen Cookies sind spricht man von ‚ÄûFirst-Party Cookies‚Äú).', ",,
"'Wir k√∂nnen tempor√§re und permanente Cookies einsetzen und kl√§ren hier√ºber im Rahmen unserer Datenschutzerkl√§rung auf.', ",,
"'Falls die Nutzer nicht m√∂chten, dass Cookies auf ihrem Rechner gespeichert werden, werden sie gebeten die entsprechende Option in den Systemeinstellungen ihres Browsers zu deaktivieren. Gespeicherte Cookies k√∂nnen in den Systemeinstellungen des Browsers gel√∂scht werden. Der Ausschluss von Cookies kann zu Funktionseinschr√§nkungen dieses Onlineangebotes f√ºhren.', ",,
"'Ein genereller Widerspruch gegen den Einsatz der zu Zwecken des Onlinemarketing eingesetzten Cookies kann bei einer Vielzahl der Dienste, vor allem im Fall des Trackings, √ºber die US-amerikanische Seite http://www.aboutads.info/choices/ oder die EU-Seite http://www.youronlinechoices.com/ erkl√§rt werden. Des Weiteren kann die Speicherung von Cookies mittels deren Abschaltung in den Einstellungen des Browsers erreicht werden. Bitte beachten Sie, dass dann gegebenenfalls nicht alle Funktionen dieses Onlineangebotes genutzt werden k√∂nnen.', ",,
"'L√∂schung von Daten', ",,
"'Die von uns verarbeiteten Daten werden nach Ma√ügabe der Art. 17 und 18 DSGVO gel√∂scht oder in ihrer Verarbeitung eingeschr√§nkt. Sofern nicht im Rahmen dieser Datenschutzerkl√§rung ausdr√ºcklich angegeben, werden die bei uns gespeicherten Daten gel√∂scht, sobald sie f√ºr ihre Zweckbestimmung nicht mehr erforderlich sind und der L√∂schung keine gesetzlichen Aufbewahrungspflichten entgegenstehen. Sofern die Daten nicht gel√∂scht werden, weil sie f√ºr andere und gesetzlich zul√§ssige Zwecke erforderlich sind, wird deren Verarbeitung eingeschr√§nkt. D.h. die Daten werden gesperrt und nicht f√ºr andere Zwecke verarbeitet. Das gilt z.B. f√ºr Daten, die aus handels- oder steuerrechtlichen Gr√ºnden aufbewahrt werden m√ºssen.', ",,
"'Nach gesetzlichen Vorgaben in Deutschland erfolgt die Aufbewahrung insbesondere f√ºr 6 Jahre gem√§√ü ¬ß 257 Abs. 1 HGB (Handelsb√ºcher, Inventare, Er√∂ffnungsbilanzen, Jahresabschl√ºsse, Handelsbriefe, Buchungsbelege, etc.) sowie f√ºr 10 Jahre gem√§√ü ¬ß 147 Abs. 1 AO (B√ºcher, Aufzeichnungen, Lageberichte, Buchungsbelege, Handels- und Gesch√§ftsbriefe, F√ºr Besteuerung relevante Unterlagen, etc.).', ",,
"'Nach gesetzlichen Vorgaben in √ñsterreich erfolgt die Aufbewahrung insbesondere f√ºr 7 J gem√§√ü ¬ß 132 Abs. 1 BAO (Buchhaltungsunterlagen, Belege/Rechnungen, Konten, Belege, Gesch√§ftspapiere, Aufstellung der Einnahmen und Ausgaben, etc.), f√ºr 22 Jahre im Zusammenhang mit Grundst√ºcken und f√ºr 10 Jahre bei Unterlagen im Zusammenhang mit elektronisch erbrachten Leistungen, Telekommunikations-, Rundfunk- und Fernsehleistungen, die an Nichtunternehmer in EU-Mitgliedstaaten erbracht werden und f√ºr die der Mini-One-Stop-Shop (MOSS) in Anspruch genommen wird.', ",,
"'Hosting', ",,
"'Die von uns in Anspruch genommenen Hosting-Leistungen dienen der Zurverf√ºgungstellung der folgenden Leistungen: Infrastruktur- und Plattformdienstleistungen, Rechenkapazit√§t, Speicherplatz und Datenbankdienste, Sicherheitsleistungen sowie technische Wartungsleistungen, die wir zum Zwecke des Betriebs dieses Onlineangebotes einsetzen.', ",,
"'Hierbei verarbeiten wir, bzw. unser Hostinganbieter Bestandsdaten, Kontaktdaten, Inhaltsdaten, Vertragsdaten, Nutzungsdaten, Meta- und Kommunikationsdaten von Kunden, Interessenten und Besuchern dieses Onlineangebotes auf Grundlage unserer berechtigten Interessen an einer effizienten und sicheren Zurverf√ºgungstellung dieses Onlineangebotes gem. Art. 6 Abs. 1 lit. f DSGVO i.V.m. Art. 28 DSGVO (Abschluss Auftragsverarbeitungsvertrag).', ",,
"'Erhebung von Zugriffsdaten und Logfiles', 'Wir, bzw. unser Hostinganbieter, erhebt auf Grundlage unserer berechtigten Interessen im Sinne des Art. 6 Abs. 1 lit. f. DSGVO Daten √ºber jeden Zugriff auf den Server, auf dem sich dieser Dienst befindet (sogenannte Serverlogfiles). Zu den Zugriffsdaten geh√∂ren Name der abgerufenen Webseite, Datei, Datum und Uhrzeit des Abrufs, √ºbertragene Datenmenge, Meldung √ºber erfolgreichen Abruf, Browsertyp nebst Version, das Betriebssystem des Nutzers, Referrer URL (die zuvor besuchte Seite), IP-Adresse und der anfragende Provider.', ",,
"'Logfile-Informationen werden aus Sicherheitsgr√ºnden (z.B. zur Aufkl√§rung von Missbrauchs- oder Betrugshandlungen) f√ºr die Dauer von maximal 7 Tagen gespeichert und danach gel√∂scht. Daten, deren weitere Aufbewahrung zu Beweiszwecken erforderlich ist, sind bis zur endg√ºltigen Kl√§rung des jeweiligen Vorfalls von der L√∂schung ausgenommen.', ",,
"'Registrierfunktion', ",,
"'Nutzer k√∂nnen optional ein Nutzerkonto anlegen. Im Rahmen der Registrierung werden die erforderlichen Pflichtangaben den Nutzern mitgeteilt. Die im Rahmen der Registrierung eingegebenen Daten werden f√ºr die Zwecke der Nutzung des Angebotes verwendet. Die Nutzer k√∂nnen √ºber angebots- oder registrierungsrelevante Informationen, wie √Ñnderungen des Angebotsumfangs oder technische Umst√§nde per E-Mail informiert werden. Wenn Nutzer ihr Nutzerkonto gek√ºndigt haben, werden deren Daten im Hinblick auf das Nutzerkonto gel√∂scht, vorbehaltlich deren Aufbewahrung ist aus handels- oder steuerrechtlichen Gr√ºnden entspr. Art. 6 Abs. 1 lit. c DSGVO notwendig. Es obliegt den Nutzern, ihre Daten bei erfolgter K√ºndigung vor dem Vertragsende zu sichern. Wir sind berechtigt, s√§mtliche w√§hrend der Vertragsdauer gespeicherten Daten des Nutzers unwiederbringlich zu l√∂schen.', ",,
"'Im Rahmen der Inanspruchnahme unserer Registrierungs- und Anmeldefunktionen sowie der Nutzung der Nutzerkontos, speichern wird die IP-Adresse und den Zeitpunkt der jeweiligen Nutzerhandlung. Die Speicherung erfolgt auf Grundlage unserer berechtigten Interessen, als auch der Nutzer an Schutz vor Missbrauch und sonstiger unbefugter Nutzung. Eine Weitergabe dieser Daten an Dritte erfolgt grunds√§tzlich nicht, au√üer sie ist zur Verfolgung unserer Anspr√ºche erforderlich oder es besteht hierzu besteht eine gesetzliche Verpflichtung gem. Art. 6 Abs. 1 lit. c DSGVO. Die IP-Adressen werden sp√§testens nach 7 Tagen anonymisiert oder gel√∂scht.', ",,
"'Kontaktaufnahme', ",,
"'Bei der Kontaktaufnahme mit uns (z.B. per Kontaktformular, E-Mail, Telefon oder via sozialer Medien) werden die Angaben des Nutzers zur Bearbeitung der Kontaktanfrage und deren Abwicklung gem. Art. 6 Abs. 1 lit. b) DSGVO verarbeitet. Die Angaben der Nutzer k√∂nnen in einem Customer-Relationship-Management System (""CRM System"") oder vergleichbarer Anfragenorganisation gespeichert werden.', ",,
"'Wir l√∂schen die Anfragen, sofern diese nicht mehr erforderlich sind. Wir √ºberpr√ºfen die Erforderlichkeit alle zwei Jahre; Ferner gelten die gesetzlichen Archivierungspflichten.', ",,
"'Kommentare und Beitr√§ge', ",,
"'Wenn Nutzer Kommentare oder sonstige Beitr√§ge hinterlassen, werden ihre IP-Adressen auf Grundlage unserer berechtigten Interessen im Sinne des Art. 6 Abs. 1 lit. f. DSGVO f√ºr 7 Tage gespeichert. Das erfolgt zu unserer Sicherheit, falls jemand in Kommentaren und Beitr√§gen widerrechtliche Inhalte hinterl√§sst (Beleidigungen, verbotene politische Propaganda, etc.). In diesem Fall k√∂nnen wir selbst f√ºr den Kommentar oder Beitrag belangt werden und sind daher an der Identit√§t des Verfassers interessiert.', ",,
"'Einbindung von Diensten und Inhalten Dritter', ",,
"'Wir setzen innerhalb unseres Onlineangebotes auf Grundlage unserer berechtigten Interessen (d.h. Interesse an der Analyse, Optimierung und wirtschaftlichem Betrieb unseres Onlineangebotes im Sinne des Art. 6 Abs. 1 lit. f. DSGVO) Inhalts- oder Serviceangebote von Drittanbietern ein, um deren Inhalte und Services, wie z.B. Videos oder Schriftarten einzubinden (nachfolgend einheitlich bezeichnet als ‚ÄúInhalte‚Äù).', ",,
"'Dies setzt immer voraus, dass die Drittanbieter dieser Inhalte, die IP-Adresse der Nutzer wahrnehmen, da sie ohne die IP-Adresse die Inhalte nicht an deren Browser senden k√∂nnten. Die IP-Adresse ist damit f√ºr die Darstellung dieser Inhalte erforderlich. Wir bem√ºhen uns nur solche Inhalte zu verwenden, deren jeweilige Anbieter die IP-Adresse lediglich zur Auslieferung der Inhalte verwenden. Drittanbieter k√∂nnen ferner so genannte Pixel-Tags (unsichtbare Grafiken, auch als ""Web Beacons"" bezeichnet) f√ºr statistische oder Marketingzwecke verwenden. Durch die ""Pixel-Tags"" k√∂nnen Informationen, wie der Besucherverkehr auf den Seiten dieser Website ausgewertet werden. Die pseudonymen Informationen k√∂nnen ferner in Cookies auf dem Ger√§t der Nutzer gespeichert werden und unter anderem technische Informationen zum Browser und Betriebssystem, verweisende Webseiten, Besuchszeit sowie weitere Angaben zur Nutzung unseres Onlineangebotes enthalten, als auch mit solchen Informationen aus anderen Quellen verbunden werden.', ",,
"'Vimeo', ",,
"'Wir k√∂nnen die Videos der Plattform ‚ÄúVimeo‚Äù des Anbieters Vimeo Inc., Attention: Legal Department, 555 West 18th Street New York, New York 10011, USA, einbinden. Datenschutzerkl√§rung: https://vimeo.com/privacy. WIr weisen darauf hin, dass Vimeo Google Analytics einsetzen kann und verweisen hierzu auf die Datenschutzerkl√§rung (https://www.google.com/policies/privacy) sowie Opt-Out-M√∂glichkeiten f√ºr Google-Analytics (http://tools.google.com/dlpage/gaoptout?hl=de) oder die Einstellungen von Google f√ºr die Datennutzung zu Marketingzwecken (https://adssettings.google.com/.).', ",,
"'Youtube', ",,
"'Wir binden die Videos der Plattform ‚ÄúYouTube‚Äù des Anbieters Google LLC, 1600 Amphitheatre Parkway, Mountain View, CA 94043, USA, ein. Datenschutzerkl√§rung: https://www.google.com/policies/privacy/, Opt-Out: https://adssettings.google.com/authenticated.', ",,
"'OpenStreetMap', 'Wir binden die Landkarten des Dienstes ""OpenStreetMap"" ein (https://www.openstreetmap.de), die auf Grundlage der Open Data Commons Open Database Lizenz (ODbL) durch die OpenStreetMap Foundation (OSMF) angeboten werden. Datenschutzerkl√§rung: https://wiki.openstreetmap.org/wiki/Privacy_Policy ---). Nach unserer Kenntnis werden die Daten der Nutzer durch OpenStreetMap ausschlie√ülich zu Zwecken der Darstellung der Kartenfunktionen und Zwischenspeicherung der gew√§hlten Einstellungen verwendet. Zu diesen Daten k√∂nnen insbesondere IP-Adressen und Standortdaten der Nutzer geh√∂ren, die jedoch nicht ohne deren Einwilligung (im Regelfall im Rahmen der Einstellungen ihrer Mobilger√§te vollzogen), erhoben werden. Die Daten k√∂nnen in den USA verarbeitet werden. Weitere Informationen k√∂nnen Sie der Datenschutzerkl√§rung von OpenStreetMap entnehmen: https://wiki.openstreetmap.org/wiki/Privacy_Policy.', ",,
"'Hinweis und Quellangabe', ",,
"'Diese Datenschutzerkl√§rung wurde mit Hilfe eines Datenschutzgenerators erstellt und vom Betreiber an die Gegebenheiten dieser Friendica Instanz angepasst.', ",,
'Erstellt mit Datenschutz-Generator.de von RA Dr. Thomas Schwenke'],,
"['kein(e) Bel√§stigung, Stalking, Doxxing', ",,
"'keine Verbreitung von Verschw√∂rungstheorien und/oder deren Bef√ºrwortung ', ",,
"'kein Rassismus, Sexismus, Beschimpfungen oder deren Bef√ºrwortung ', ",,
"'keine Diskriminierung von Geschlechtern und sexuellen Minderheiten oder deren Bef√ºrwortung ', ",,
"keine gewaltt√§tige nationalistische Propaganda, Nazi-Symbolismus oder F√∂rderung der Ideologie des Nationalsozialismus ', ",,
"'Leute kontaktieren, die klar gemacht haben, dass sie keinen Kontakt wollen. Dogpiling ', ",,
"'keine nicht markierte Werbung ', 'keine automatisierte und/oder √ºberm√§√üige Werbung ', ",,
"'kein sexueller Inhalt oder Gewaltdarstellungen ', ",,
"'keine Bots, die ohne ihre expliziten Anfragen mit Nutzer interagieren ']",,
"['Prohibido el SPAM', ",,
"'El idioma principal de la cuenta debe ser el espa√±ol.', ",,
"'No insulte, ofenda, ni moleste a otros usuarios', ",,
"'Prohibidos discursos de odio (racismo, nazismo, transfobia...).', ",,
'Publica contenido sensible bajo aviso de contenido.'],,
