,Instance Id,Instance Name,Is Dead,User Count,Description,Short,topic,active users
38,58e50f85e6c0eb779279822c,mstdn.fr,False,2512,"<p>[FR]</p>

<p>L'accès est ouvert à tou⋅te⋅s (et toots), mais la modération sera intransigeante avec les cas de mauvais comportement sur l'instance, à savoir la tenue de propos offensants (sexistes, racistes, LGBTQI+phobes, ou jugés oppressifs sous toute forme) et les cas de harcèlement ciblé envers un⋅e utilisateur⋅ice. De plus, tout contenu manifestement ilégal sera supprimé. </p>

<p>[EN] </p>

<p>The access is open for everyone, but the moderation will be strict about cases of bad behaviour on the instance, which includes having offensive words (sexist, racist, LGBTQI+phobic, or judged as oppressive in any way) and the cases of cyber-harrassing toward an user. Moreover, any content manifestly illegal (based on the french and european laws) will be removed.</p>
",,mstdn,
1606,6377213780bb3f03b435a689,genomic.social,False,3631,"<h2>About</h2>

<p>A Mastodon server for the Genomic Science Community.</p>

<p><br>
<h2>Support</h2></p>

<p>This instance is administered and hosting paid for by James Ferguson ( @Psy&#95;Fer&#95;@genomic.social )</p>

<p>As the instance grows, so do the server hosting fees to maintain a smooth user experience.</p>

<p>You can donate to support these costs here: </p>

<p><br><br>
liberapay*:<br>
<a href=""https://liberapay.com/Psy_Fer_/donate""><img alt=""Donate using Liberapay"" src=""https://liberapay.com/assets/widgets/donate.svg""></a><br><br></p>

<p><img src=""https://img.shields.io/liberapay/patrons/Psy_Fer_.svg?logo=liberapay""><br><br><br></p>

<p>PayPal:<be>
(removed because Paypal is honestly horrible)</p>

<p><br>
*liberapay take 0% of the money donated. They are a non-for-profit organisation and seemed to be the best fit for donations, with most foreign currencies available using stripe.</p>

<p><br>
<h2>Data Scaping</h2></p>

<p>Data scraping and/or the use of instance and/or user data in machine learning models is not allowed. </p>
",A Mastodon server for the Genomic Science Community.,genomic.social,
5296,637b2fc3d94dca7f11e7b564,mastodon.green,False,11910,"<h2 id=""about-mastodon-green"">Mastodon.green</h2>

<p>
<ul>
<li>Plant trees while you use Mastodon</li>
<li>Mastodon.green is a worldwide general-purpose server</li>
<li>It's hosted in the EU and running on renewable energy</li>
<li>If you want to stay longer than a month you need to get a <a href=""https://www.patreon.com/AlbinSocial"" target=""blank"">membership</a></li>
</ul>
</p>

<h2 id=""Trees"">Trees</h2>

<p>20 % of the membership fees goes towards planting trees. You can see how many we've planted in the <a href=""https://www1.plant-for-the-planet.org/t/albin-social"" target=""blank"">tree counter</a>. More details can be found in our <a href=""https://greenfedi.org/tag/tree-report/"" target=""blank"">tree reports</a>.</p>

<h2 id=""GreenFedi"">GreenFedi</h2>

<p>Mastodon.green is part of the GreenFedi community. You can find our blog, FAQ and help pages on the <a href=""https://greenfedi.org"" target=""blank"">community website</a>.</p>

<h2 id=""community-guidelines"">Community guidelines</h2>

<p>You can post almost anything you want, but not everything. We expect you to abide by the <a href=""https://greenfedi.org/support/community-guidelines/"" target=""blank"">community guidelines</a>.<br>
<h3>Good to know</h3>
<ul>
<li>We don’t allow nudity</li>
<li>We have a language policy</li>
<li>Our guidelines apply to all content, including content arriving from remote servers.</li>
</ul>
</p>

<h3>The following languages are allowed</h3>

<p>Bulgarian, Croatian, Czech, Danish, Dutch, English, Estonian, Finnish, French, German, Greek, Hungarian, Icelandic, Irish, Italian, Latvian, Lithuanian, Maltese, Norwegian, Polish, Portuguese, Romanian, Slovak, Slovene, Spanish and Swedish.</p>

<h2 id=""Getting started"">Getting started</h2>

<p>Here's a <a href=""https://fedi.tips/"" target=""blank"">a guide to mastodon</a>, it's written by <a href=""https://mstdn.social/@feditips"" target=""blank"">@feditips@mstdn.social</a>. </p>

<h2 id=""Operated by Albin Social"">Operated by Albin Social</h2>

<p>The server is operated by Johan Empa's company named Albin Social.</p>

<h2 id=""imprint"">Imprint/Impressum</h2>

<p>Johan Sundström - Albin Social
<br>
c/o Grosch Postflex #442
<br>
Emsdettener Straße 10
<br>
48268 Greven
<br>
Germany
<br>
E-mail: post@albinsocial.com
<br>
</p>
","Plant trees while you use Mastodon. A server originally for people in the EU, but now open for anyone in the world",Mastodon.green,
804,5b8f9c0436205a4e89370d09,mastodontech.de,False,16530,"<h2>Impressum</h2>

<h3>Angaben gemäß § 5 TMG</h3>

<p>Markus Weingärtner <br>
Großzschachwitzer Straße 14 <br>
01259 Dresden <br>
Deutschland</p>

<h3>Unterstützung</h3>

<p>Wenn Ihr etwas zu dieser Instanz beitragen wollt, dann könnt Ihr dies hier : <a href=""https://liberapay.com/markus-blog.de/donate/"">Liberapay</a> <br> oder hier:<br> <a href=""https://www.paypal.com/donate/?hosted_button_id=UBW9WQLTVBDHC"">PayPal</a> <br>
tun :-)</p>

<p><br></p>

<p>Oder Ihr bestellt ein Produkt über die folgenden Partnerprogramme:
<br>
<br>
<a href=""https://www.netcup.de/bestellen/gutschein_einloesen.php?gutschein=36nc16494061680&ref=113290"" target=""_blank""><img src=""https://www.netcup.de/static/assets/images/promotion/netcup-setC-468x60.png"" width=""468"" height=""60"" alt=""netcup.de"" /></a>
<br>
<br>
<br>
<br>
starte Deine Hetzner Cloud mit 20 € Startguthaben über diesen Link:</p>

<p><a href=""https://hetzner.cloud/?ref=O4DNPT7KH7kS"" rel=""noopener nofollow sponsored noreferrer"" target=""_blank"">Hetzner Cloud</a></p>
",Offen für alle (über 16) und bereitgestellt von Markus'Blog,MastodonTech.de,
4435,637b2dc1d94dca7f11e7ad4d,fgc.network,False,3862,The Fighting Game Community on the fediverse.,,FGC.Network,
409,5a3be5a567eb6930d0cf7400,ruhr.social,False,10383,"<h2>Willkommen!</h2>

<p>Herzlich willkommen auf ruhr.social! Dies ist eine Mastodon-Gemeinschaft rund um das Ruhrgebiet und die Menschen dort.</p>

<p>Diese Instanz wird ehrenamtlich von Enthusiasten moderiert und technisch betreut. Das Admin Team besteht zur Zeit aus <a href=""https://ruhr.social/@sphinxc0re"">@sphinxc0re</a>, <a href=""https://ruhr.social/@depate"">@depate</a> und <a href=""https://ruhr.social/@d2ns"">@d2ns</a>. Schreibt uns bei Fragen gerne an.</p>

<h2>Spenden</h2>

<p>Diese Instanz wird vollständig von dem IT-Unternehmen <a href=""https://ruhr.social/@9elements"">@9elements</a> finanziert. Aus diesem Grund sind wir <em>momentan</em> nicht auf Spenden angewiesen. Sollte sich dieser Umstand in Zukunft ändern, werden wir nochmal offiziell auf die Community zugehen.</p>
",,ruhr.social,
996,5f4951e41bba02004a39df91,kolektiva.social,False,36848,"<h1>CONTACT US</h1>

<p>Feel free to message or tag any of the following members of our mod team or the general account <a href=""https://kolektiva.social/@moderation/"">@moderation</a>. You can also tag posts with the hashtag #KolektivaMod.<br/></p>

<ul><li>Acracia | he/him | <a href=""https://kolektiva.social/@acracia/"">@acracia</a> | <i>Portuguese/Spanish</i></li>
<li>Anarchy Peppermint Butler  |  he/him  |  <a href=""https://kolektiva.social/@a_pepbut/"">@a_pepbut</a> | <i>English/French</i></li>
<li>Crawl  |  she/her  | <a href=""https://kolektiva.social/@crawl/""> @crawl</a> | <i>English/French</i></li>
<li>Djab Maroon  |  he/him  | <a href=""https://kolektiva.social/@djabmaroon/""> @djabmaroon</a> | <i>French/Haitian Creole/English</i></li>
<li>Eme  |  they/them  |  <a href=""https://kolektiva.social/@m/"">@m</a> | <i>Portuguese/English/Spanish</i></li>
<li>Justin  |  he/him  |  <a href=""https://kolektiva.social/@just1602/"">@just1602</a> | <i>French/English</i></li>
<li>Mud | he/him | <a href=""https://kolektiva.social/@mud/"">@Mud</a> | <i>German/Spanish/Catalan/English</i></li>
<li>MuscleMommy | they/them | <a href=""https://kolektiva.social/@musclemommy/"">@MuscleMommy</a> | <i>English/French/Spanish/Arabic</i></li>
<li>subMedia  |  he/him  |  <a href=""https://kolektiva.social/@submedia/"">@subMedia</a> | <i>English</i></li>
</ul> <br/>

Additionally, please note that <a href=""https://kolektiva.social/@admin/"">@admin</a> is not a part of the mod team.

<h2>KOLEKTIVA.SOCIAL CODE OF CONDUCT</h2>
Coming up with this policy has been a bit of a balancing act. On the one hand, we do not want to make too many hard-and-fast rules. We are anarchists, and therefore, we do not care to think too long about how to govern every aspect of how other people should behave. On the other hand, don't want our collective resources to be used to spread ideas that go against our values. To this end, we have come up with the following guidelines. We plan on adapting and changing these guidelines over time, and are open to feedback, critique, and suggestions from other Mastodon users, moderators and administrators.<br/>

As a user of this platform, please be mindful that your username ends with @kolektiva.social and your actions, in part, represent the instance. Your engagement builds an expression, and the values you share reverberate from within and outside this digital neighbourhood.

<h2>WHAT YOU SHOULDN'T POST AT ALL:</h2>
Posts containing the following content will be removed, and users will have their accounts immediately suspended and/or deleted.<br/>

<ul><li>Racist, misogynistic, transphobic, homophobic, ableist slurs, or other derogatory pejoratives for oppressed identity groups (unless you belong to that group and are reclaiming the term)</li>
<li>Blatantly racist, casteist, ableist, sexist, transphobic, or otherwise chauvinistic and bigoted discourse</li>
<li>Symbols and slogans associated with fascist regimes and/or fascist, third-positionist, western chauvinist or white nationalist movements</li>
<li>Arguments that seek to deny or cast doubt on historic or ongoing acts of genocide</li>
<li>Pornographic and/or sexualized images depicting people who did not consent to their image being shared</li>
<li>Pedophilia/MAP content, in all its manifestations</li>
<li>Purposeful misinformation</li>
<li>Spam</li></ul>

<h2>WHAT YOU SHOULDN'T <i>REALLY</i> POST:</h2>

<p>Kolektiva.social is an anarchist/anti-colonial instance. Posts containing the following content may be reported and/or removed, and the user may be issued a warning. Repeated warnings may lead to accounts being suspended, and/or their users being encouraged to migrate their account to another instance.</p>

<ul><li>Propaganda from politicians or political parties that seek to win elections</li>
<li>Propaganda from the USSR, CCP, or DPRK</li>
<li>Glorification of nation states and/or militarism</li>
<li>Messages promoting capitalism or meritocracy</li>
<li>Messages promoting or encouraging pseudoscience, conspiracism, or breaks with reality</li>
<li>Targeted harassment (i.e. evading blocks, repeated hostile replies, or posts intended to instigate brigading/dogpiling against a user or another instance), even for righteous reasons</li>
<li> Posts that could bring avoidable legal repression down upon Kolektiva's admins and/or server infrastructure (i.e. doxxing individuals paired with explicit calls for violence or threats against them)</li>
<li>Religious proselytizing/recruitment</li>

<h2>POSTS THAT SHOULD BE ACCOMPANIED WITH A CONTENT WARNING:</h2>
We have neither the capacity nor the slightest interest in monitoring all content posted on Kolektiva.social, nor do we enjoy making judgments about what is, or is not, acceptable speech. For this reason, we encourage people to use Mastodon's built-in Content Warning (CW) tool to label posts that other users may find upsetting. Unlabeled posts that are reported to us as containing the following content will have a Content Warning added to them, and the user will be notified.

<br><br>

Accounts that regularly post the following types of posts without Content Warnings may have their accounts silenced, or suspended, based on the severity of the behavior, and may be asked by the moderators to migrate to another instance.<br>

<ul><li>Any visual depiction of nudity</li>
<li>Any visual depiction of blood, severe injuries, torture, murder, or medical procedures</li>
<li>Any unambiguous visual depictions of drug use or drug paraphernalia</li>
<li>Any message detailing sexual acts</li>
<li>Any message mentioning suicide, self-harm, abuse, rape, or sexual assault that does not relate to a current issue</li>
<li>Spoilers (within reason)</li></ul>

<p>Apart from what is itemized above, we do not have specific guidelines for Content Warnings. All users are encouraged to be considerate of others’ needs and preferences, particularly with respect to things that are widely considered repulsive or distressing (for example, the worst events in human history and the worst things that people can do to each other).<br><br></p>

<p>We explicitly do not, and never will, require users to tag political content and news-related posts.</p>

<p><h3>Special Cases Worth Extra Explanation:</h3><br>
<strong>Nudity, sex, drugs, and drug paraphernalia.</strong> We want Kolektiva.social to be as accessible as possible to minors, incarcerated people, and others whose internet access is monitored. These subjects, when visible on the public timeline, may lead to authorities speedily and irreversibly blacklisting our website in a way that political content may not. For this reason, and some others, we ask that all images depicting these subjects be accompanied with a Content Warning.<br><br></p>

<p><strong>The COVID-19 pandemic.</strong> COVID-19 is a real disease, and vaccines and masks are useful measures for impeding its spread. We will treat messages to the contrary as either &quot;Purposeful misinformation&quot; or &quot;Messages promoting or encouraging pseudoscience, conspiracism, or breaks with reality&quot; as itemized earlier. It&#39;s not that we think various  &quot;experts&quot;, on health subjects or others, are entirely beyond questioning. It&#39;s simply that we also disdain our platform being used to spread health myths that are, by and large, generated and boosted in the same parts of the internet as far right conspiracy theories about the present order.<br><br></p>

<p><strong>The Russo-Ukrainian War.</strong> We do not want our instance flooded with pro-war propaganda. We will not censor discussion of the Ukrainian far right or other problems in Ukrainian society, but we may consider gross exaggerations of these problems as propaganda aimed at providing rhetorical cover for the Russian state&#39;s imperialist aggression. We may view links to Russian state-affiliated media as &quot;purposeful misinformation&quot; or &quot;messages promoting or encouraging pseudoscience, conspiracism, or breaks with reality&quot; as itemized earlier. We may also view posts supporting NATO and/or Ukrainian nationalism as &quot;messages glorifying the nation state and/or militarism&quot;.<br><br></p>

<p><strong>Analogizing Israel and Nazi Germany.</strong> We support the self-determination of the Palestinian people as well as the destruction of the ethnonationalist Israeli state, alongside all states, and we are glad to host content celebrating Palestinians&#39; anti-colonial struggle and denouncing Israeli atrocities. Rhetoric comparing Israelis and/or Zionists to the historic German Nazis, however, is as unnecessary and unhelpful as it is insulting to Jews, including anti-Zionist Jewish comrades. We consider it a form of &quot;chauvinistic and bigoted discourse&quot; as itemized earlier.<br><br></p>

<p><strong>Astrology.</strong> We don’t believe in it but it’s fine.<br><br></p>

<h1>USING KOLEKTIVA.SOCIAL</h1>

<h2>BLOCKING AND MUTING</h2>

<p>We encourage users to make use of the block and mute options to help control what content appears on their timelines. While moderators will do our best to block bad offenders and defederate from toxic instances, we recognize that people have different limits and expectations of the fediverse, and these options allow for a more personalized experience. Evading blocks and mutes is not part of respectful engagement, and may lead to suspension and deleting of accounts, and a permanent ban from Kolektiva.social.</p>

<p>Instructions on how to use personalized Block and Mute controls can be found <a href=""https://docs.joinmastodon.org/user/moderating/"">here</a>.</p>

<h2>REPORTING</h2>

<p>Unlike centralized and corporate social media platforms, the process of moderation on Kolektiva.social is intended to be accountable. The users who make up the moderation team are listed publicly for this reason. We want to receive reports regarding all forms of unacceptable behavior (that we can reasonably respond to), and we will do our best to follow up within a reasonable time frame.</p>

<p>Instructions on how to report a post can be found <a href=""https://docs.joinmastodon.org/user/moderating/"">here</a>.</p>

<h2>NOTES ON REPORTING</h2>

<ul><li>Reports made by users on other fediverse instances about Kolektiva.social users are anonymous. For example, if @example@mastodon.online reports a Kolektiva.social user, we will see that a user from <a href=""https://mastodon.online/about/more/"">Mastodon.online</a> has sent a report, but not their username. We cannot respond to users about their reports if we do not know who they are. We always know which Kolektiva.social users have issued which reports, however.</li>
<li>Reports without explanations are significantly harder to follow up on. Links, explanations, and other information are encouraged and appreciated. Furthermore, we cannot reasonably take actions against users when there is no proof of bad behavior or ill intent. Please include examples and/or reasons in your reports.</li>
<li>A report does not guarantee the moderation response that you've requested. If reporting users are not satisfied with our decisions, we suggest using the Mute or Block functions.</li></ul>

<h2>ACCESSIBILITY</h2>

<p>We encourage the usage of captions and descriptive text when posting images, in order to make your posts more accessible to users who use screen readers. For the same reason, we also discourage the usage of excessive emojis or unicode text symbols in posts or usernames.<br><br></p>

<p>Our instance is open to users of any language. The most commonly spoken language among Kolektiva.social mods and admins is English, but we can also communicate in French, Haitian Creole, Portuguese and Spanish. Unfortunately, members of our moderation team won’t be able to effectively communicate in other languages apart from those listed above.<br><br></p>

<p>If contacted by users speaking other languages, we may seek out help from other Kolektiva.social users or the admins and mods of other instances. Barring that, we may make use of online translation software.</p>

<h2>SAFETY AND DANGER ON THE FEDIVERSE</h2>

<p>The Kolektiva.social moderation team is made up of relative newcomers to the fediverse, but we understand that all of the problems associated with other online spaces are also present here. Some of these problems relate to surveillance by institutions that aim for social control, and some relate to the forms of oppressive and anti-social behavior that permeate broader society. Most of the members of our collective are anarchists who have been involved in social movements for years. That is to say, we understand a few things about how repression works. We also know how and why anarchists get into fights with one another, because we have been in a few fights ourselves. At the same time, there’s lots that we don’t know.<br><br></p>

<p>As a group, we can draw on a pretty wide array of experiences, but some problems around technical security are simply very complicated, and the same is true of some of the controversies that unfold in local scenes, or over the Internet in general. We will do our best to address issues as they come up. But because we are real people who live in this constantly changing world, we are likely to make mistakes. We also simply won&#39;t be able to satisfy all the (sometimes competing) requests and reports that we receive from users.<br><br></p>

<p>We believe that it is imperative that anarchists and social movements abandon surveillance capitalist platforms. In fact, we think everyone on Earth should abandon these services. Platforms like Facebook, YouTube, Instagram, and Twitter spy on us, hand our personal data over to hostile forces, and help to poison political discourse through monetized algorithms and the spread of reactionary ideologies. We want Kolektiva.social to be able to serve as a landing pad for people who are new to Mastodon, the fediverse, etc. For this reason, we are intentionally set up as a large, welcoming instance with open registrations. We have no interest in hosting fascists or other annoying and miserable people (and will ban them once we have a good reason to do so), but obviously some of the people on this platform may be ruder, rougher, and less sensitive than those found on smaller, more community-focused Mastodon/Hometown instances. When we talk about a mass exodus from corporate social media, we recognize that this will involve all sorts of people, and not just those who we already agree with. To paraphrase Maurice Moe Mitchell: we have a low bar to entry and a high standard for conduct.<br><br></p>

<p>We want to allow people to learn how they want to conduct themselves before removing them. That said, even though we intend to be open and welcoming, we will not allow arguments around &quot;free speech&quot; to serve as cover for harmful, entitled, and/or obnoxious behavior. We are aware of the broad conversations taking place around anti-Blackness and other forms of racism on the fediverse, and we take this seriously.<br><br></p>

<p>While we see it as important to provide a space where users can be themselves and reach out to others as they wish, repeatedly posting unsolicited opinions on other people&#39;s posts, playing “devil&#39;s advocate” with strangers, and other similar forms of obnoxious behavior have their limit, before they become a pattern. If you are having problems with a specific user, please feel free to reach out to one of our moderators for help with explaining microaggressions and subtly oppressive behaviors.</p>

<h2>DEFEDERATING FROM OTHER INSTANCES</h2>

<p>We will do our best to remain defederated from the most toxic parts of the fediverse, and will attempt to keep up-to-date on collective initiatives such as <a href=""https://kolektiva.social/tags/fediblock"">#fediblock</a>. But to maintain Kolektiva.social&apos;s usefulness as a communications tool and social media platform, we don’t intend to defederate from large instances based on the actions of a small minority of their membership. We also don’t want to turn defederation into our activism.<br><br></p>

<p>Given Kolektiva.social’s relatively large size on the fediverse (and especially in the “anarchist neighborhood”), we recognize that any decisions that we take to defederate from a given instance can severely limit that instance’s users’ ability to learn about, and engage with, various worthwhile sorts of information that Kolektiva.social users are putting onto the fediverse. Because of this, we will rely more heavily on suspending and silencing individual accounts, unless the instance itself is irredeemable. We will do our best to maintain open lines of communications with other admins, and to pass on reports about their users where we deem it necessary/appropriate.<br><br></p>

<h2>A NOTE ON DECENTRALIZATION</h2>

<p>We are aware of the criticism of large centralized Mastodon instances, and the arguments for a more decentralized network of smaller Mastodon servers. We are sympathetic to these criticisms for a number of reasons, not least of which being that they often come from our fellow anarchists. We encourage our users to find another instance that they find fits their expectations and views, or barring that, to create their own.<br><br></p>

<p>That said, we also see a need for large instances with open registration that can serve as landing pads for those escaping from corporate social media platforms. This is a role that we see Kolektiva.social filling as we move forward with our short-term goals. We will continue to assess our role in the fediverse moving forward, and are open to dialogue with other groups about what this can and should look like. As noted earlier, we plan on producing a series of resources aimed at helping people set up and manage their own Mastodon instances.</p>

<h2>A BRIEF HISTORY OF KOLEKTIVA</h2>

<p>Kolektiva was launched in June of 2020 by anarchist media collectives Antimídia and subMedia with the aim of developing autonomous, digital communication infrastructure for the movements we support and participate in. It soon expanded into an informal organization with members based in a handful of places all around the world. Kolektiva&apos;s first project was a PeerTube instance, <a href=""https://kolektiva.media/"">Kolektiva.media</a>.<br><br></p>

<p>Its purpose was to offer a free, non-corporate platform for anarchists and anti-colonial content producers looking to bypass Google, Facebook, and other surveillance capitalist firms, as well as censorship mandated and enforced by governments. When Facebook began purging a number of pages associated with anarchist and antifascist projects in July 2020, Kolektiva set up a Mastodon instance, <a href=""https://kolektiva.social/"">Kolektiva.social</a>. It has grown rapidly since then, thanks in large part to its open registrations and the increasingly widespread and apparent need for alternatives to the dominant social media platforms. It is important to note that Kolektiva.social started as an ad hoc response to a specific problem, mainly related to the ability of social movements to broadcast information publicly, in the context of the summer&#39;s rebellion, and that none of the Kolektiva team were, at that time, especially familiar with the fediverse, from a social point of view, when we started this instance.<br><br></p>

<p>There were controversies, arguments, and accusations. So, as we entered 2021, Kolektiva.social began an (ongoing) effort to expand our number of moderators and to clarify our expectations of users, and users’ expectations of us. Kolektiva.social is just one component of a larger project that is aimed at getting as many people off of corporate social media as possible, and especially people who are involved in anti-colonial, anti-capitalist, and anti-fascist movements. It is also a volunteer project, and time is limited. As a result, we expect it to take us a while to really get a handle of what we&#39;re trying to accomplish here, how we should try to accomplish it, and what exactly is within our capacities. Nevertheless, we don&#39;t intend to go anywhere, and we are committed to learning from our mistakes and always improving on past failures.</p>

<h2>THE GOALS OF KOLEKTIVA</h2>

<p>Kolektiva exists to provide digital infrastructure for anarchist and anti-colonial movements. We seek to enable as many people as possible to share news and information without relying on centralized and intensively surveilled platforms. We are motivated in this work by the principle of internationalism, and a desire to increase communication and collaboration across state-imposed borders and linguistic divides.<br><br>
In the coming years, we hope to scale up the project in a number of ways by doing all of the following:<br><br>
<ol>
<li>encouraging the exodus of anarchists and other anti-capitalists/anti-colonialists from corporate platforms towards independent, open-source alternatives such as those offered by Kolektiva</li>
<li>producing instructional videos for new users, and resources for those seeking to set up their own fediverse sites/instances</li>
<li>building up our physical server infrastructure and technical capacity</li>
<li>expanding and diversifying our moderation team</li>
<li>experimenting with other <a href=""https://activitypub.rocks/"">ActivityPub</a> platforms, such as <a href=""https://mobilizon.org/en/"">Mobilizon</a> and <a href=""https://pixelfed.org/"">Pixelfed</a></li>
<li>introducing a new framework to better organize content and facilitate translation</li></ol></p>

<h2>DONATIONS</h2>

<p>Donations are welcome and appreciated. They help support the autonomous technical infrastructure. You can <a href=""https://kolektiva.info/donate/"">Donate Here</a>.</p>

<h2>TOR Onion Address</h2>

<p>This server is available over <a href=""https://www.torproject.org/download/"">Tor</a> at: <a href=""http://klktvbm66ijfy5j7oflsidtcf3gbhrmbaaqfufxggflfb57rv5yakxqd.onion"">http://klktvbm66ijfy5j7oflsidtcf3gbhrmbaaqfufxggflfb57rv5yakxqd.onion</a></p>
",Kolektiva is an anti-colonial anarchist collective that offers federated social media to anarchist collectives and individuals in the fediverse. For the social movements and liberation!,kolektiva.social,
6210,637b319fd94dca7f11e7bcd2,bookwyrm.social,False,14138,"<p class=""title is-5"">Talk about books, track your reading, and find out what your friends are reading, on your own terms.</p>

<p>BookWyrm is ad-free, anti-corporate, and federated. You can seamlessly follow and interact with users on other BookWyrm instances, and on services like Mastodon.</p>","BookWyrm's flagship instance: Talk about books, track your reading, and find out what your friends are reading, on your own terms.",BookWyrm,
1108,61a73929482824006ec0ff45,pol.social,False,6725,"<p>Serwer Fediwersum prowadzony jest przez <a href=""https://ftdl.pl/"">Fundacje Technologie dla Ludzi</a></p>
",Serwer głównie dla użytkowników polskojęzycznych.,Pol.social,
273,5902589f0c4b3c46f854d273,scholar.social,False,4793,"<h1>Scholar Social Community Standards</h1>

<p>This is a queer-friendly general-purpose federated Mastodon instance. You may use it as a personal account, but the focus is on academics. Scholar Social has been described as ""The teacher's break room of the Fediverse.""</p>

<p>Real names and credentials are only recommended if you plan to use your account on this instance for networking purposes; they are absolutely not required.</p>

<h2>Encouraged uses of Scholar Social</h2>

<ul>
  <li>Brag about your publications</li>
  <li>Share references and resources</li>
  <li>Network with other academics</li>
  <li>Put it on the last slide of your conference presentation</li>
  <li>Recruit participants for academic surveys—formal, IRB-approved ones or even informal ones (just make sure to CW them so that others can consent and don't get too obnoxious about it; see the full Terms of Service for details about other research on Scholar Social members)</li>
  <li>Satire and activism are welcome here, but they must make a good-faith effort to punch up. (""Punching up"": making jokes or criticism at the expense of those with more power, higher status or greater privilege.)</li>
  <li>Non-academic, ""off-topic"" stuff is allowed, but try to post this as Unlisted, not as Public</li>
</ul>

<h2>Who is welcome on Scholar Social? Do I need to be a full-time student, teacher or researcher?</h2>

<p>The ""topic"" for this instance is: academia, research, teaching and learning, which is intentionally a very broad topic. You do not need an advanced degree to join (or any degree, for that matter).</p>

<p>If you consider yourself a scholar of any sort, and you are willing to engage with others respectfully, and you will respect our community's efforts to make this a safe space for queer people and other minorities, you are absolutely welcome here.</p>

<p>This instance was specifically started to provide a safe space for queer people and other minorities in academia. Due to the antagonistic relationship that law enforcement has often had with these groups, police officers, military and employees of any law enforcement or intelligence agency are not welcome on this instance.</p>

<h2>Introduce yourself!</h2>

<p>After signing up, post a message to the Local Timeline telling us who you are, what your academic interests are, and helping us to get to know you better. I have set the administrative account to automatically boost public posts tagged with #introductions. (But if you abuse this by using it for anything else, I will close your account without warning.)</p>

<p><a name=""cw""></a></p>

<h2>Content Warnings (CW's)</h2>

<p>Please add CW's (content warnings) that are accurate and descriptive enough to enable reader consent to the following types of posts:</p>

<ul>
      <li>strong language,</li>
      <li>rants,</li>
      <li>selfies,</li>
      <li>current events (includes: US or non-US, local, national, international, and should be applied regardless of whether sources are academic or non-partisan),</li>
      <li>high-conflict or otherwise exhausting issues of popular debate (e.g. climate change, GMO's, privacy issues, elections, etc.),</li>
      <li>mentions of death or violence,</li>
      <li>photographs or illustrations of insects, genitals, wounds (even if they come from a scientific source)</li>
      <li>references or links to Facebook/Twitter/other big tech companies,</li>
      <li>spoilers of popular and recent TV shows or other media,</li>
      <li>ASCII art (this one is important to ensure that someone using a screen reader doesn't have to listen to an attempt to read out a bunch of obscure symbols)</li>
      <li>stresses particular to academia such as grades, exams, thesis progress, academic job market prospects, and</li>
      <li>anything else where another user might want to decide for themselves whether or when they want to interact with your post.</li>
</ul>

<p>There is a setting in your preferences to open all posts with Content Warnings automatically, if you don't want to click through each one.</p>

<h2>Image descriptions</h2>

<p>It is an expectation of this instance that you add accurate descriptions to all images and video that you post to aid in accessibility. (A description like ""image.jpg"" that does not aid in accessibility would not meet this expectation.)</p>

<p>If you post an image of a screenshot of text, it is an expectation of this instance that you transcribe the text in the image description.</p>

<h2>The Local Timeline</h2>

<p>Be conscious of how much space you take up on the Local Timeline. This is the instance's ""kitchen table,"" where we all hang out.</p>

<p>Posts on the Local Timeline (ones with the ""Public"" privacy setting) will be checked to ensure that Content Warnings are applied, images are described, and other expectations are followed. Unlisted posts will not be proactively reviewed, but will still be subject to rules regarding abuse and other hate-speech.</p>

<p>Make the first post of a thread Public if you want it on the Local Timeline, and subsequent posts Unlisted. We strongly recommend one thread per academic conference, for example.</p>

<p>NOTE: The ""official"" Mastodon app is NOT recommended for use on Scholar Social, as it does not allow for posting using the ""Unlisted"" privacy setting.</p>

<p>Use a CW or post as Unlisted if you're not sure that your post is ""on-topic."" The Scholar Social Local Timeline is not meant to be a current events news aggregator, and if your post seems to fall into this category, you may be asked to delete and re-draft it with a CW or as an Unlisted post. Let's try to avoid turning the Local Timeline into the same rehashing of the outrage-of-the-day that we see on Twitter!</p>

<p>Not <em>every</em> post on the Local Timeline should be CW'd, but most should. Do your best to try to accommodate each other, and try to be understanding when there is a clash of expectations or needs.</p>

<p><a name=""postsdeleted""></a></p>

<h2>Unwelcome conduct on Scholar Social</h2>

<p>The following will result in: a warning from the admin or having offending posts deleted, possibly without prior notice.</p>

<ul>
  <li>Providing unsolicited advice to strangers</li>
  <li>Inappropriate un-CW'd posts on the Local Timeline (see above for CW policies)</li>
  <li>Posts with un-described images or video</li>
  <li>Shortened links, e.g. bit.ly, t.ly, tinyurl.com, goo.gl, ift.tt, lnkd.in, is.gd or t.co (These are considered malicious because link-shorteners track users without their consent and obscure the destination address, which also prevents users from being able to decide whether they want to visit the link beforehand)</li>
  <li>Advertisement or apologia for cryptocurrencies, NFT's, or multi-level marketing schemes.</li>
</ul>

<p>Exceptions:</p>

<ul>
  <li>DOI links (e.g. https://doi.org/10.1136/bmj.k959) are allowed but the post must accurately describe the title/author/journal to allow the reader to decide for themselves whether they would like to follow the link. (In cases of very long titles, you may truncate it, and in cases of long author lists, ""First-Author et al"" will do.) Posts with DOI links where the target of the link is not described, or not described sufficiently, may be deleted without warning.</li>
</ul>

<p><a name=""accountsdeleted""></a></p>

<h2>Things that will get your account closed, possibly without warning</h2>

<ul>
  <li>Racism, sexism, homophobia, transphobia, able-ism, etc. (will result in a permanent ban, you may not receive a prior warning)</li>
  <li>Serious dishonesty that is hurtful to others (e.g. falsely representing oneself as a member of a minority; services offering to write academic papers to help students cheat; vaccine denialism; predatory conferences or journals; overt pseudoscience such as flat-earther-ism etc.)</li>
  <li>Anything that could be described as ""spam""</li>
  <li>Impersonating other people</li>
  <li>Harassment of any kind</li>
  <li>No bots and no ""institutional"" accounts operated by non-members please; Scholar Social is for people</li>
  <li>Accounts that automatically repeat a Twitter account, RSS feed, etc. must post to Scholar Social as Unlisted, not Public</li>
</ul>

<p><a name=""abuseofmoderationtools""></a></p>

<h2>Regarding attempts to abuse these anti-abuse tools and policies</h2>

<p>Do not attempt to weaponize our Community Standards or anti-abuse tools/policies against marginalized groups such as people of colour, women or queer people. Users of Scholar Social are expected to have the literacy to understand that ""reverse discrimination"" is not real, and so attempts to re-centre discussions of marginalized people around the feelings of the privileged will be taken as manipulative behaviour undertaken deliberately in bad-faith. (E.g. white people should not demand that people of colour put CW's on every discussion of race; a straight person who reports a queer person for writing ""I hate straight people"" may find their own account suspended.)</p>

<p><a href=""https://scholar.social/terms"">Full terms of service</a></p>
","Microblogging for researchers, grad students, librarians, archivists, undergrads, high schoolers, educators, research assistants, profs—anyone involved in learning who engages with others respectfully",Scholar Social,
