,rules
0,be gay grow wheat follow the code of conduct
1,trans rights are human rights
2,nudity lewdity violence gore drug alcohol use and sensitive images and topics must be behind a content warning and have media marked as sensitive
3,no excessive posting of nonoriginal content from other social media or news sites
4,no bulk posting or spamming the timeline
5,absolutely no sexual depictions of children or minors including artistic depictions
6,no commercial or third party advertising self promotion by creators artists sw etc and sharing such content is fine postingsharing mutual and community aid is also fine
7,purposefully avoiding proper names for people places things events technologies ideologies philosophies etc with the intent to bypass user filters will result in suspension
8,sexually explicit or violent media must be marked as sensitive when posting
9,no racism sexism homophobia transphobia xenophobia or casteism
10,no incitement of violence or promotion of violent ideologies
11,no harassment dogpiling or doxxing of other users
12,do not share intentionally false or misleading information
13,
14,
15,
16,個人利用専用 このサーバは個人利用専用です 自分nya2510以外からの登録は受け付けません
17,実験用 このサーバは実験用です 無くなると管理者が困るので極力正しい状態を維持しますが突然爆発して無くなるかもしれません
18,keine illegalen inhalte keine pornografie
19,keine hassreden
20,zivilisierter umgang miteinander ist pflicht
21,no hate speech or harmful behavior
22,be polite
23,no discrimination
24,nsfw content including nudity must be marked as sensitive and behind a content warning
25,no content with unnecessary violence or gore
26,no illegal content or activity
27,no sharing of personal information that is not your own
28,no discrimination including but not limited to racism sexism homophobia or transphobia
29,no explicit nsfw content without content warnings andor sensitive media markers explicit content must not be used in user avatars or header images
30,no harassment of other users on this or other instances
31,no content illegal in the following countries united kingdom germany france canada usa
32,no incitement of violence or promotion of violent ideologies
33,no disinformation regarding public health issues or politicalmilitary campaigns
34,no spam this includes commercial advertising promotional campaigns and seo
35,moderation works on a best efforts basis unless indicated otherwise all decisions should be considered final
36,sexually explicit or violent media must be marked as sensitive when posting
37,no racism sexism homophobia transphobia xenophobia ableism or casteism
38,no incitement of violence or promotion of violent ideologies
39,no harassment dogpiling or doxxing of other users
40,no content illegal in the netherlands
41,do not share intentionally false or misleading information
42,no covid denialism or covid minimising
43,no racism sexism homophobia transphobia xenophobia or casteism
44,no content illegal in the united states
45,no harassment dogpiling or doxxing of other users
46,no incitement of violence or promotion of violent ideologies
47,bots must be marked as bots in their profile preferences and automated posts should be unlisted
48,do not share intentionally false or misleading information
49,do not spam or abuse network features
50,public posts which contain nudity sexually explicit or violent content must be marked with an nsfw content warning and media marked as sensitive when posting
51,be excellent to each other
52,no hate speech or discrimination of any kind
53,no harassment stalking or doxxing
54,nsfw posts are permitted only behind a content warning and nsfw media must be marked as sensitive
55,no sexual depictions or content involving anyone under 18 years
56,no spam accounts and no using irrelevant hashtags to promote your posts
57,vade retro ici cest mon mien
58,keine beleidigung diskriminierung und belästigung no insult discrimination and harassment
59,keine anstiftung zu straftaten no incitement to crime
60,keine extremistischen inhalte no extremist content
61,sexuelle inhalte sind entsprechend zu kennzeichnen sexual content must be marked accordingly
62,gewaltdarstellende inhalte sind entsprechend zu kennzeichnen content depicting violence must be marked accordingly
63,no hate
64,lbgtq friendly
65,dont be a jerk all right
66,dont spam people
67,harassment or discrimination of any kind will not be tolerated here
68,by programmatically crawling andor scraping content generated by the users of this instance you agree to donate 1000 one thousand united states dollars to a charity of the administrators choice every time your automated scraper is used on this instance you can optout at any time
69,禁止一切政党相关议题尤其是涉及某东方大国的出于风控考虑讨论请去别处
70,禁止通过自动化方式大规模抓取本站信息除非用户本人同意禁止一切形式的博文搬运出站
71,be a good human being
72,do not be a nazi a bigot a sexist a racist a conspiracy nut or a selfpromoting multilevel marketing magnate
73,do not spread the propaganda of the aforementioned bad actors
74,in general no nsfw content
75,if you must post adultoriented content mark it as sensitive
76,most other rules follow from 1 and 2 but i reserve the right to intervene in any situation that a user might flag as problematic
77,ﾈｺﾁｬﾝ
78,be kind and courteous to others
79,use welcoming and inclusive language
80,be respectful of differing viewpoints and experiences
81,collaborate with other community members
82,accept constructive criticism gracefully
83,focus on what is best for the community
84,show empathy towards other community members
85,follow all rules on httpsmastodonsocialabout
86,respect and empathy
87,dont be an asshole
88,dont discriminate against anyone
89,no excessive advertising
90,use content warnings for content that might be common triggers
91,avoid posting sexually explicit or violent content
92,you must be 16 or older to join this instance
93,abide by applicable laws unless its the moral thing to do
94,invite only for family and friends
95,keep it family friendly use content warnings for anything that might be for limited audiences politics spicy food she wants her rocks
96,dont do anything to get us defederated
97,to be done
98,pas de diffusion des idées dextrême droite
99,pas de racisme
100,pas de xénophobie en général
101,pas de confusionnisme
102,utilisation du cw pour la nudité ou la pornographie
103,pas de spam
104,principalement francophone
105,discussions dans le respect des autres utilisateurs
106,sexually explicit or violent media must be marked as sensitive when posting
107,no racism sexism homophobia transphobia xenophobia or casteism
108,no incitement of violence or promotion of violent ideologies
109,no harassment dogpiling or doxxing of other users
110,no content illegal in the united states
111,do not share intentionally false or misleading information
112,do not share intentionally false or misleading information
113,no racism sexism homophobia transphobia xenophobia or casteism
114,no harassment dogpiling or doxxing of other people
115,no incitement of violence or promotion of violent ideologies
116,sexually explicit or violent media must be marked as sensitive when posting
117,居心地の良さを大切にするため他の人には干渉しない
118,他のsnsと違い繋がりを求める場所ではない
119,嘘をつかない未来の自分を守るために
120,こうあるべきという正義心は他人を苦しめるので捨てる
121,見返りを求めない期待は自分と他人の両方を苦しめるため
122,みたいと決めつけない自他の可能性を奪わないため
123,他人をコケにしない醜くなる自分が未来を苦しめるから
124,sexually explicit or violent media must be marked as sensitive when posting
125,no spam or advertising
126,no racism sexism homophobia transphobia xenophobia or casteism
127,no incitement of violence or promotion of violent ideologies
128,no harassment dogpiling or doxxing of other users
129,no illegal content
130,dont be rude to anyone here
131,no homophobia racism ableism transphobia etc ie dont discriminate against minorities and treat people like humans
132,be excellent to each other
133,harassment of other users is prohibited
134,do not post content that endangers or exploits children or vulnerable adults
135,do not post content that glorifies abusing children or vulnerable adults
136,all posts containing commonly triggering content such as suicide selfharm sexual assault csa etc should have an appropriate content warning if you do not know how to use content warnings please see the mastodon documentation
137,please hide all nsfw content behind a cw
138,this is a singleperson instance so im not motivated enough to try to make an exhaustive list but the majority of my interactions are with weirderearth and scholarsocial so you can expect that im following about the same standards as people there
139,sexually explicit or violent media must be marked as sensitive when posting
140,no racism sexism homophobia transphobia xenophobia or casteism
141,no incitement of violence or promotion of violent ideologies
142,no harassment dogpiling or doxxing of other users
143,no content illegal in usa
144,do not share false or misleading information that may lead to physical harm
145,no spamming or aggressive promotion if you want to promote something do it responsibly with supporting facts and never only links
146,bots must be marked as bot in their profile
147,agree to the code of conduct and terms of services
148,no sex or p0rn use content warnings wisely
149,no spam or advertising
150,no racism sexism homophobia transphobia
151,no illegal content
152,no incitement or promotion of violence or harm
153,no harassment or doxing
154,no fake news disinformation
155,no theft of users ip content connections profile for monetorisation or advertising
156,no profiling for advertising
157,no use of user data for training of ai llm algorithms
158,its one rule for me and well thats it
159,engage in respectful constructive conversations we are all allowed and welcome to disagree what is not acceptable is intolerance harassment hate disrespect and illegal content
160,be kind rewind be nice to people and when you cant be nice be firm but polite then move on blockmute if you gotta past that use best judgement andor pester your friendly neighborhood admin
161,not up for debate insofar as politics may come up they should be cwd appropriate and such posts are not to be taken as invitations to start a debate period
162,dont be a jerk
163,no hacking
164,no violence
165,no fascism
166,no colonialism
167,no white supremacy
168,no religious extremism
169,no nationalism
170,no racism
171,no homophobia
172,no transphobia
173,safe space lgtbqia
174,safe space neurodivergent adhd autism etc
175,no speaking over the lived experiences of others
176,please follow wheatons law
177,theres supposedly a line between dark humor and being offensive but weve yet to find it though many of us personally are not offended by dark humor please do not publicly post bigotry here this is meant to be a safe place if you are blatantly offensive you will be banned
178,be kind ️
179,there is only one rule not ruling out the possibility that one day this unruly server might be rulegulated but that is not now nor is it anytime soon
180,be geeky be kind
181,cite
182,black lives matter
183,trans rights are human rights
184,respect everybody
185,this is a single user server
186,no racism sexism homophobia transphobia xenophobia or casteism
187,no incitement of violence or promotion of violent ideologies
188,no harassment dogpiling or doxxing of other users
189,no content illegal in switzerland
190,do not share intentionally false or misleading information
191,be excelent to each other
192,hlavně žádný homo
193,everyone is welcome here but understand that this is an instance supporting a specific community and fandom we are more then happy to welcome you in but you are the one coming to us treat everyone with respect and take the time to get to know the instance
194,all fan art should be posted with a link to the original artist official art from studio khara should be mark as such as well
195,all nsfw content needs to be marked as such especially visual content
196,you must be either stephen or samantha yeargin to have an account on this server
197,a great place to be a sixie
198,this server is for employees and contractors of amphora research systems and related companies
199,dont be a dick
200,being far right means being a dick
201,when you post content make sure you got the permission from the original creator if its not your own content
202,you must not post anything what is illegal in germany
203,behave yourself all of you me us
204,sei immer freundlich und höflich behandle andere mit respekt
205,belästige und beleidige niemanden und unterlasse persönliche angriffeweder allein noch als gruppe das veröffentlichen oder die androhung von veröffentlichung von personenidentifizierenden informationen doxing wird als belästigung ausgelegt
206,die nutzung oder befürwortung von rassistischer sexistischer homophober transphober behindertenfeindlicher und anderweitig diskriminierender oder hasserfüllter sprache wird nicht geduldet
207,nachgewiesene falschinformationenfakenews inkl verschwörungstheorien sind hier unerwünscht
208,no illegal content
209,no harassment incitement of violence promotion of violent ideologies dogpiling or doxxing of anyone
210,no racism sexism homophobia transphobia xenophobia casteism or other behavior of the kind
211,do not share intentionally false or misleading information you have a responsibility to reasonably vet the content you share to ensure it meets this standard
212,sexually explicit or violent media must be marked as sensitive when posting
213,僕がルールだ
214,zero tolerance for hate or harassment including transphobia homophobia racism sexism etc
215,keep discussions civil disagreements are natural but bullying and harassment are not
216,tag all nsfw content and use content warnings when discussing things that could be considered sensitive use your best judgment
217,remember to add alt text to your images please thank you
218,be nice to one another
219,please be respectful of others age gender sexual orientation gender identity background etc are all _not_ reasons to be unpleasant
220,everyone is encouraged to report inappropriate behaviour which will be listened to and action will always be taken this action ranges from a warning to a full ban moderation decisions will be made using the paradox of tolerance httpsenwikipediaorgwikiparadox_of_tolerance
221,expect anything you post on scuttlecloud to be public including direct messages that way you can never be surprised or embarrassed
222,if you apply for an account on scuttlecloud and youve actually read the rules please end your why do you want to join question with the phrase donkey balls
223,no spam no commercial advertising you may occasional post personal listings no threats of violence
224,no illegal content this server is hosted in finland but managed in the uk meaning that the laws of _both_ countries apply here
225,your right to free speech does not automatically confer the right to be obnoxious as such expect to be challenged for such behaviour
226,be nice to each other
227,we treat other people with respect regardless of their gender race and religion
228,we use welcoming language and inclusive language towards our fellow human beings
229,we refrain from trolling and using insultingderogatory comments as well as personal attacks
230,we dont publish other peoples private information or reveal their identity
231,respect everyone
232,dont post unlawful things
233,please flag explicit violence pornography pedophilia
234,dont question administration choices
235,please protect nudity with content warning and tag as nsfw
236,mind the youth
237,
238,
239,
240,
241,
242,sexually explicit or violent media must be marked as sensitive when posting
243,no racism sexism homophobia transphobia xenophobia or casteism
244,no harassment dogpiling or doxxing of other users
245,no incitement of violence or promotion of violent ideologies
246,do not share intentionally false or misleading information
247,el servidor de mastodon solo estará disponible para los administradores de fincas colegiados afc registrados
248,el uso del servidor está sujeto a cumplir con las leyes y normas aplicables en materia de protección de datos derecho de autor y cualquier otra regulación relevante
249,los usuarios deberán respetar las opiniones y creencias de los demás evitando cualquier tipo de discriminación o acoso
250,el contenido compartido en el servidor debe ser apropiado y respetar los derechos de terceros cualquier contenido inapropiado será eliminado y el usuario será sancionado
251,el uso de la plataforma para fines comerciales está estrictamente prohibido a menos que sea previamente autorizado por los administradores del servidor
252,los usuarios deben mantener la confidencialidad de cualquier información privada o confidencial obtenida a través del uso del servidor
253,los usuarios deben cumplir con las normas y regulaciones de la profesión
254,los administradores del servidor se reservan el derecho de revocar el acceso a cualquier usuario que no cumpla con estas normas de conducta
255,dont be an asshole to anyone even if they deserve it
256,не являетесь профи в вопросе держите мнение при себе если реально не пытаетесь разобраться религиозные в том числе политические войны закрыты
257,никто никому ничего не должен везде особенно на халяву
258,негатива и за окном хватает хотите ныть не сюда
259,rules are flexible because im the only user that said you wont find any ugly stuff on this server
260,this is a singleuser instance that said i try to avoid racism sexism classism transphobia homophobia religious bigotry nationalism etc
261,you have to be an araneum member in good standing
262,be excellent to each other
263,be kind
264,dont be an asshole
265,my intent is not to cause harm when i do cause harm i will gratefully accept feedback and suggestions for correction i understand that i am not owed feedback
266,beachte die gesetze der bundesrepublik deutschland und des guten umgangs zwischen menschen
267,insbesondere beleidige niemanden und verbreite erstelle oder referenziere keine rechtswidrige inhalte
268,ce serveur naccepte aucune forme de harcèlement ou de haine à lencontre dune minorité ou dune utilisateurrice il y est donc interdit toute forme de sexisme racisme homophobie transphobie validisme etc ici on discute et on partage dans le respect et la bonne humeur relative
269,本站规则都在站长脑子里
270,如有异议请参照第一条规则
271,soyez sympa nous encourageons la liberté dopinion et dexpression et les débats sont bienvenus tant quils restent courtois traitez les autres membres encore mieux que vous naimeriez être traité
272,évitez le flood et le spam évitez le flood les chaines de messages et le copypasta donnez quelques explications même en deux mots lorsque vous partagez un lien
273,évitez la publicité nous nacceptons aucune forme de publicité sous quelque forme que ce soit intervenez uniquement à titre personnel évitez dintervenir comme le représentant dune entreprise
274,évitez les contenus adultes certains membres ont moins de 18 ans évitez les contenus adultes quil sagisse de contenus à connotation pornographique de contenus particulièrement choquants ou violents ou de contenus visant à la manipulation émotionnelle
275,évitez les contenus illégaux nincitez pas au piratage de contenus et ne partagez pas de ressources portant atteinte à la propriété intellectuelle
276,évitez les sujets inflammables nous sommes contraints pour éviter de surcharger la modération de proscrire les discussions portant sur la politique et la religion dirigezvous vers dautres instances pour discuter de ces sujets
277,respectez les autres membres évitez le langage sms et les abréviations que vous êtes le seul à comprendre ne mentionnez pas les administrateurs et les modérateurs à tout bout de champ ne harcelez pas les membres de manière publique ou privée
278,respectez les modérateurs ne vous faites pas passer pour un salarié de macgeneration ne harcelez pas les administrateurs et les modérateurs respectez les décisions de modération
279,no advertising or excessive promotion
280,no bots unless theyre cute funny or useful bots should avoid posting to the public timeline if youre unsure speak to a moderator
281,no pornography or adult content
282,no gore or graphic violence
283,content that is borderline nsfw or could be construed as nsfw at a glance should be put behind a content warning cw
284,no sexism racism xenophobia homophobia transphobia or other forms of hate speech
285,no content that would otherwise be illegal in the uk or the eu
286,no posting of other peoples personally identifying information otherwise known as doxing
287,no promoting of conspiracy theories eg antivax antimask anticovid
288,no other unethical content
289,no scraping content from the web interface or api
290,aiml generated content must be clearly labelled as such
291,respect each other and have fun in our community
292,please keep links in your profile posts filled with links may be marked as spam and removed
293,no incitement of violence homophobia transphobia or harassment of any kind
294,no racism sexism or advocation of racism or sexism
295,no distribution of content harmful to the public good such as antivaxx or climate denial
296,no discrimination against gender or sexual minorities or the advocation thereof
297,no xenophobic or nationalist content
298,all content moderation decisions are final
299,all bans are nonnegotiable and at the sole discretion of the servers owner
300,dont post stuff that cant or shouldnt be posted if you dont know what this means please contact the moderator
301,your interest in this private instance is appreciated but your registration will be rejected unless you have made prior arrangements with the instances owner honestly you probably would rather be somewhere else
302,こちらはドラキュラおじさんdraculaojisanが運営するmastodonインスタンスです 何かあれば連絡先まで
303,q サブドメインのmbってなに a ミニブログマイクロブログの意味ですソーシャルにあんまりネットワーキングしないシステムとして運用
304,成人向けコンテンツの取り扱いは行いませんプラットフォーム側の規約に拠るものです
305,sexually explicit or violent media must be marked as sensitive when posting
306,no racism sexism homophobia transphobia xenophobia or casteism
307,no incitement of violence or promotion of violent ideologies
308,no harassment dogpiling or doxxing of other users
309,no content illegal in australia
310,do not share intentionally false or misleading information
311,its just me here i do my best to make sure i follow my own rules
312,dont be a dick
313,be cool
314,no racism sexism ageism homophobia transphobia
315,no antivax antimask
316,no probrexit proerg proiea
317,no audiovideo uploads text and photos are alright but audio and video will swamp my server so please upload these to another service and link to them
318,no twitter links unless it is something that is only on there please use original links rather than linking to tweets that link to other places the same goes for other social media but especially twitter
319,no links to paywalls and preferably no geoblocked links
320,wacka flocka
321,法令遵守
322,single user system
323,用户交流禁止发布对性取向性癖爱好信仰宗教政治立场民族地域等的侮辱性言论
324,用户交流禁止对任何用户发送具有骚扰猥亵恐吓威胁诱骗霸凌性质的内容不受欢迎的性暗示内容或其他令他人感到不安或不适打扰他人正常生活的内容
325,用户交流请不要发布种族主义性别主义同性恋恐惧以及跨性别恐惧言论
326,敏感内容只要涉及成人内容包括文字及媒体均需使用恰当的cw标签及隐藏内容警告
327,敏感内容请不要发布违反伦理及社会共识的成人内容如由真实的儿童参与制作的色情内容
328,使用行为禁止对其他用户实施任何人肉行为
329,使用行为禁止使用包括但不限于任何形式的自动化程序等手段大量获取本站的数据
330,使用行为机器人账户不得滥用服务器资源
331,使用行为禁止冒用他人身份注册账号或发布冒用他人身份的嘟文
332,使用行为禁止将本站服务用于正常交流以外的用途的滥用行为
333,使用行为禁止散布计算机恶意程序
334,广告及推广请不要推广虚假诈骗或违反本站服务条款的内容
335,广告及推广请不要发布重复推广内容或重复刷屏
336,广告及推广请不要发布与本站用户完全不相干的推广内容
337,知识产权请不要发布盗版内容
338,知识产权请不要在未经作者授权的情况下发布他人作品
339,新用户注册须知 1 注册账户时请回答以下开放性问题答案没有对错请自由挥发作答但若答非所问或漏项注册将被拒绝你为什么想要加入 2 请勿使用无法正常收到邮件的临时邮箱或虚假的邮箱地址注册本站否则注册将被拒绝 3 开设机器人账户需先与站长沟通
340,keep it simple
341,keep it short
342,keep it friendly
343,keep it legal
344,be tolerant and polite
345,no hate speech
346,access is a privilege not a right
347,言论自由是第一自由本站不做审查但请记住和而不同
348,theres only one rule here follow wheatons law httpsknowyourmemecommemeswheatonslaw
349,be polite
350,dont insult anyone
351,this is a private server so its rules dont apply to you dont feel bad here have an interrobang
352,be nice be helpful
353,no promoting violence or hate
354,no doxxing
355,no fascismcolonialismnationalismreligious extremism
356,no harrassmentunwelcome attention
357,no racism no homophobia no transphobia
358,no spamminggratuitous advertising reasonable self promotion is fine
359,no graphic violent overtly sexual or political content without a content warning content warnings are like spoiler alerts trigger warnings or plain old politeness please use them
360,no automatedunattended crosspostingbackfilling from another site
361,no derogatory commentsbullying
362,
363,
364,seid lieb danke
365,this is a private site and does not permit user signups
366,be kind
367,norma 1
368,日本の法律を遵守します
369,他のサーバー運営に迷惑をかける行為をしません
370,be nice be polite be understanding otherwise youll be banned p
371,this server is not open to new users respect peace
372,no bot accounts allowed
373,dont be a dick
374,no violence
375,no fascism
376,no colonialism
377,no white supremacy
378,no religious extremism
379,no nationalism
380,no racism
381,no transphobia
382,no homophobia
383,no sexism
384,no doxxingstalking
385,no harassment
386,no hatespeech
387,no things that are illegal in germany for example nazisymbols and slogans
388,be cthos
389,follow appropriate codes of conduct for federated servers hachyderm for one
390,zero tolerance for terfs any terf behavior will get you banned immediately
391,for employees of sisulink
392,no racism sexism homophobia transphobia xenophobia or casteism
393,do not post anything sexually explicit porn or graphically violent gore
394,no incitement of violence or promotion of violent ideologies
395,do not share intentionally false or misleading information
396,no harassment or doxxing of other users
397,sexually explicit or violent media must be marked as sensitive when posting
398,no racism sexism homophobia transphobia xenophobia or casteism
399,no incitement of violence or promotion of violent ideologies
400,no harassment dogpiling or doxxing of other users and people in general
401,no content illegal in germany
402,do not share intentionally false or misleading information
403,dont be a jerk
404,this server is about big ideas kindness and great experiences please be excellent to each other
405,discussion of ideas are great personal attacks will not be tolerated
406,cursing is okay but no one wants to see any nsfw images if you wouldnt show your mom the photo dont post it here
407,what constitutes offensive speech or behavior including but not limited to race gender identity and expression national origin religion disability marital status age sexual orientation or other protected categories is entirely up to us plenty of other servers if youre not cool with that
408,you are joining a community so youll be subscribing to our email newsletter as well as the server here you dont have to stay subscribed but youll be getting a welcome and a newsletter every other week
409,no racism
410,dont suck
411,日本国の国内法に基づきます
412,ネガディブな話題よりポジティブな話題を心がける
413,相模地域の話題推奨ですが強い縛りはありません
414,no bad things
415,mmasuda のおひとり様インスタンスです非常用
416,no hate speech bigotry violent threats harassment csam fascism terf gamergate or other heinous bullshit
417,self promotion and publicity is aok
418,private server for nif
419,pas de contenu illégal
420,文月郁の個人用インスタンスのため新規登録は受け付けておりません
421,禁止发布对性取向性癖爱好信仰宗教政治立场民族地域等的侮辱性言论
422,禁止对任何用户发送具有骚扰猥亵恐吓威胁诱骗霸凌性质的内容不受欢迎的性暗示内容或其他令他人感到不安或不适打扰他人正常生活的内容
423,请不要发布种族主义性别主义同性恋恐惧以及跨性别恐惧言论
424,只要涉及成人内容包括文字及媒体均需使用恰当的cw标签及隐藏内容警告
425,请不要发布违反伦理及社会共识的成人内容如由真实的儿童参与制作的色情内容
426,禁止对其他用户实施任何人肉行为
427,禁止将本站服务用于正常交流以外的用途的滥用行为
428,请不要在未经作者授权的情况下发布他人作品
429,日本国の法律に違反するような書き込み画像映像の添付は禁止します
430,サーバの性能がしょぼいため負荷が高くなるような操作短期間に大量の画像つき投稿などは控えてください
431,その他管理人が問題だと思った行動を取り続けた場合アカウント停止などの対処を行います
432,またよくわからないアカウントも管理人の独断でアカウント停止削除を行います
433,上記以外は自由に楽しんでください
434,ルールは管理人の独断で変更される場合があります
435,
436,sexually explicit or violent media must be marked as sensitive when posting
437,no racism sexism homophobia transphobia xenophobia or casteism
438,no incitement of violence or promotion of violent ideologies
439,no harassment dogpiling or doxxing of other users
440,no content illegal in germany
441,do not share intentionally false or misleading information
442,to be expanded but for now please be respectful play nicely
443,anyone who is not me is banned
444,dont be a jerk dont be hatful or a bigot as this is my own personal instance for now hopefully it wont be too hard for me to follow these rules
445,kein rassismus sexismus beschimpfungen
446,keine belästigung stalking doxxing
447,keine diskriminierung von geschlechtsspezifischen und sexuellen minderheiten
448,kein spam oder werbung
449,crossposting ist nicht erwünscht
450,keine illegalen inhalte
451,enthusiasm yes hate no we dont care if your loved one is 8 16 32bit male female feline furry or anything else we just want enthusiasm compassion and love to thrive here while hate speech and lack of respect will keep you out
452,no illegal content posting pornographic content with a minor or content that may facilitate the commission of a crime will result in immediate and permanent ban
453,dont be harmful repeatedly posting content that can evoke negative emotions in the recipients or promote behavior that is dangerous to healthlife can also result in a ban examples violent content aggressive behavior content encouraging selfharm suicide and other selfdestructive behavior
454,this is a private instance so i dont need to write rules only for me
455,no right wing shit
456,no bigotry
457,lewd stuff should be cwd at least one admin is a minor lol
458,at the moment this is a singleuser server this is a list of standards to which i hold myself and anyone else i would let use this server to
459,i will clearly mark any nsfw content
460,i am not sexist racist transphobic or homophobic do not plan to post content that is i reserve the right to discuss such content may include screenshots in this case content warnings will be applied discussion of harassment is important but it may be triggering
461,nothing thats illegal in new zealand see httpswwwlegislationgovtnzactpublic19930094550dlm313407html
462,if you spam me i will block you if a lot of spam is coming from another instance and i am unable to resolve the issue with the administrator of the instance in a timely manner i will black hole that entire instance
463,the same goes for disinformation on anything importantpolitics public health etc
464,this is my instance if i block you theres no appeal dont threaten to sue me over free speechfirst amendment rights i dont live in the us and my server isnt hosted in the us and if you try in nz not only will it be thrown out you will probably get some kind of fine
465,oh and any bot i create will be clearly marked as such
466,nebuď kretén
467,please keep all discussion polite
468,posted content must be legal
469,there must be no confidential information posted
470,this server is a lowtraffic server for ellie mostly if youre a friend of ellie and would like an account feel free to reach out
471,no nazis
472,no transphobia
473,capitalism must be destroyed
474,dont be an asshole
475,all public posts from this instance are indexed by tootfinderch
476,法令順守日本国の法律に触れることはしないでください
477,公序良俗に反する行為の禁止公序良俗の定義は運営者の判断によります映画で言えばpg13を目安にしてください
478,差別的言動の禁止何が差別的かの線引きも難しいですが運営者の判断によります
479,german laws regulations apply
480,einhaltung deutscher rechtsnormen urheberrecht kunsturheberrecht strafrecht
481,zivilisierter umgang miteinander der hooligan wird zur tür geleitet
482,kurzum vor der veröffentlichung einfach das hirn einschalten
483,
484,vær ålreit med hverandre hold samtaler positive og konstruktive uenighet kan oppstå men det er likevel ingen grunn til å gå til personangrep
485,nsfw er ikke tillatt unngå pornografi nakenhet og voldelig innhold i denne serveren
486,ingen hat rasisme eller annen diskriminering
487,you must be me to use this instance the rest of these rules are for me to follow
488,no bigotry of any kind eg racism transphobia nazi beliefs etc
489,dont harass people or promote violence
490,dont spread disinformation please make some effort to verify news
491,dont be a dick
492,no hacking
493,no violence
494,no fascism
495,no colonialism
496,no white supremacy
497,no religious extremism
498,no nationalism
499,no racism
500,no homophobia
501,no transphobia
502,safe space lgtbqia
503,safe space neurodivergent adhd autism etc
504,be courteous be kind treat others as you wish to be treated
505,se prohíbe la transfobia homofobia lgbtqiafobia en general machismo especismo racismo nazismo y fascismo discursos que promuevan estas ideas serán razón de baneo
506,no se aceptarán cuentas de partidos políticos instituciones públicas empresas privadas y medios de comunicación privados sí se aceptarán cuentas de medios de comunicación comunitarios o autogestionados cooperativas organizaciones sociales yo civiles sin fines de lucro yo cuyos propósitos estén de acuerdo con las reglas de la instancia
507,no bigotry
508,私人领地未经同意请勿穿越
509,no illegal content or conduct content or conduct that is illegal in the united states is strictly prohibited
510,racism sexism homophobia transphobia and other discrimination is prohibited users who engage in such conduct are not welcome on our platform
511,dont stalk or harass other users respect other users of our service and other federated instances
512,use content warnings cw liberally cw are required for nsfw content political discussion and debate religious promotion and debate and drug mentions
513,misinformation scams nfts ponzi schemes and other deceptive content is prohibited
514,spam is not permitted this includes creating spam accounts that only serve to provide profile links or advertise products and services
515,no harassment in the form of continued engagement after a person has requested contact to stop
516,lack of a specific rule against a certain behavior does not indicate acceptance of that behavior each of us has a limited amount of time in this world dont be a jerk
517,violating one or more of these rules may result in an immediate permanent ban without notice or warning
518,use the report system if a user or instance is breaking the rules we recommend just reporting the content and not engaging
519,access to nomadicsocial data by meta inc its subsidiary organizations or 3rd party organizations working on their behalf is strictly prohibited
520,no racism
521,treat others as you would like to be treated
522,no 18porn material
523,no hate speech
524,all nsfw content must be marked as such cw
525,treat others here with the same respect you would treat your own grandmother
526,no commercial advertising
527,olemme vähemmistömyönteisiä ole lempeä
528,keskustele asiasta älä mene henkilökohtaisuuksiin
529,ei lakeja rikkovaa materiaalia suomi ja euroopan unioni
530,älä kiusaa älä ahdistele muita
531,älä levitä disinformaatiota ei salaliittoteorioita
532,ei syrjintää ei rasismia ei fasismia ei seksismiä ei homofobiaa ei transfobiaa
533,käytä sisältövaroitusta arkaluontoiselle sisällölle ei arkaluontoista sisältöä julkisissa kuvissa kuten avatareissa
534,älä koettele sääntöjen rajoja palvelimen ylläpito pidättää oikeuden sääntömuutoksiin
535,ei spammia ei kaupallista mainontaa ei hakukoneoptimointia varten luotua sisältöä
536,älä tekeydy toiseksi julkisuuden henkilöksi tai järjestöksi älä luo parodiatilejä tälle palvelimelle muilla palvelimilla sijaitsevien selkeästi merkittyjen parodiatilien seuraaminen on sallittua
537,you must be a matthew
538,be kind
539,familysize instance with next to noone no open subscription invite only
540,blocks threadsnet
541,content warning and labeling any content that is adultoriented graphic or sensitive in nature must be obscured behind a content warning and must be clearly labeled as such this is to ensure that users are adequately informed and can consent prior to their exposure to such content
542,prohibition of misleading or deceptive content the posting of content that is misleading deceptive or false is strictly prohibited this includes but is not limited to content that is intended to deceive mislead or defraud others
543,prohibition of harassment and antagonistic behavior engaging in spamming stalking harassment or any form of antagonistic behavior towards others is strictly prohibited this includes but is not limited to unsolicited communications unwanted attention and behavior that is intended to annoy threaten or intimidate others
544,workplace appropriateness of avatars and headers all avatars and headers must be appropriate for a work environment this includes but is not limited to images symbols and text that are not offensive explicit or inappropriate
545,bot delisting except for certain exceptions like news outlets all bots must be delisted from the public timeline this ensures a more humancentric interaction environment on our platform
546,compliance with laws and regulations all content must comply with the general data protection regulation gdpr applicable united states federal laws and the laws of the state of south carolina this includes but is not limited to content that does not infringe upon the rights of others violate privacy laws or engage in illegal activities
547,federation compliance the aforementioned rules apply both locally and to any social networks federating with our network any federated social networks found to be in violation of these rules may face defederation this ensures a consistent and respectful environment across all platforms
548,private server private rules
549,no spam
550,be agatha rules for users on this instance will be added if registrations ever open
551,any instances not moderating any kind of harassment or bigotry are suspended on sight
552,dont post anything illegal
553,no hate speech or harassment
554,no conspiracism antivaxx covid denial flat earth etc
555,no crossposting boosts or replies
556,its good and cool to tell terfs and swerfs to fuck off
557,面白い投稿にはたのしーと反応しましょう
558,褒められたらわーいと返事しましょう
559,よくわからないことにはなんでなんでーと返事しましょう
560,ブロックされたら狩りごっこだね負けないよとブロック返しをしましょう
561,conformément aux lois françaises et à la jurisprudence les contenus pédopornographiques y compris sous forme dessinée sont illégaux et seront supprimés et les comptes concernés bloqués si distants ou supprimés si local
562,les contenus pornographiques ou visiblement violents doivent être marqués avec le drapeau sensible sensitive les comptes ne respectant pas cette règle seront rendus invisibles aux flux locaux et fédérés
563,la publicité sous forme répétée etou intrusive faisant mention dautres utilisateurices nest pas acceptée les comptes concernés seront rendus invisibles aux flux locaux et fédérés ou supprimés selon la gravité de la situation
564,approchez les personnes avec précaution et politesse si une personne vous demande darrêter de la mentionner ou quelle exprime ne plus vouloir participer à une discussion arrêtez immédiatement
565,sont interdits les propos images ou vidéos racistes sexistes homophobes ou transphobes
566,sont interdits les avances ou propositions à caractères sexuels nonsollicitées
567,sont interdit toute conduite en public ou en privé ayant pour but de traquer harceler ou intimider dautres personnes
568,il est interdit de rassembler publier disséminer les informations personnelles dune autre personne sans son autorisation explicite
569,il est interdit de poursuivre une conversation ou inciter une personne à poursuivre une interaction avec une personne ayant réclamé la cessation de ladite interaction peut être considéré comme du harcèlement indépendamment de la confidentialité employée
570,est interdit toute tentative de retournement dune oppression systémique par exemple racisme antiblanc sexisme antihomme hétérophobie cisphobie
571,il est interdit publier ou diffuser intentionnellement des propos diffamatoires calomnieux cela concerne aussi toute désinformation avec intention de tromper le gorafi ou the onion sont donc autorisés
572,règles basées sur celles de linstance mamotfr
573,nothing illegal
574,inhalte nur in deutschland erlaubtes nur familienfreundliche inhalte
575,block und löschung ich lösche alles was mir nicht passt ich blocke alles was mir nicht passt
576,die inhaber der accounts sind für ihre inhalte selbst verantwortlich les propriétaires des comptes sont euxmêmes responsables de leur contenu i titolari degli account sono responsabili dei propri contenuti
577,be kind
578,面白いと思ったことを書いてもかまいません
579,be excellent to each other
580,dies ist eine private instanz nur folgen nicht anfassen
581,impressum bitbasteleiadlerweb florian knodt im teich 11b d56648 saffig achtung reine briefadresse keine paketsendungen
582,adlerweb adlerwebinfo gpg 0x1321b9afa18836dc oder 0xc374b04a1a1ef2da bitte beachten sie dass eine elektronische kommunikation störanfällig und oft nicht verschlüsselt ist wenn sie auf eine sichergestellte übertragung wert legen verwenden sie bitte einschreiben oä
583,this is my personal mastodon instance ill mainly post things of interest or anything id like to keep track of
584,if youd like an account in my mastodon social network hit me up and no im not allowing randos to sign up but feel free to signup at any other mastodon instance and follow me back
585,la loi belge sapplique à ce serveur et la modération se fera conformément à la législation en vigueur mais ira même plus loin en ne tolérant aucune forme dintolérance
586,les propos racistes sexistes homophobes transphobes révisionnistes complotistes etc nont pas leur place ici et doivent être signalés
587,selon la gravité des faits un éventail de réactions est possible allant du simple rappel à lordre jusquau bannissement de lutilisateur fautif
588,be civil
589,sexually explicit or violent media should be marked as sensitive when posting
590,no illegal content
591,be excellent to each other
592,dont get banned
593,stay legal respect international laws from the country the instance is hold in united states laws from the admins country united states and from your own country
594,dont go insult others whether you say it straight to their face or not
595,content that is spammy racist sexist hateful or discriminating in any way is forbidden
596,stalking and harassment is forbidden if someone doesnt want to have anything to do with you leave them alone
597,screenshot dunking or taking screenshots of posts to repost is strongly discouraged and may lead to admin action
598,content warning cw drugs and lewd posts and pictures kinks must be listed in the cw
599,content warning real life gore kink and lewd content must be set as unlisted or followers only in addition to proper tagging in the cw that is content that includes nudes modified photos for kink purpose eg a muscle edit on a selfie and things such as bite marks
600,politics religion and other polemical subjects must be cw accordingly
601,requests for financial help and similar are welcome when under cw however try not to spam them
602,do not impersonate someone unless for parody purposes remaining respectful this includes using other peoples artworks without permission parody accounts must be tagged as such clearly in their profile description
603,you may not create another account on this instance if your previous account has been suspended
604,you may not use an avatar or header image if it shows content that is listed to be content warned
605,dont repost artworks without crediting the artist if you have a link to their gallery perfect if only their name better than nothing claiming others art as your own may lead to suspension
606,were strongly against nfts and crypto as a whole this isnt the place for it ai art is tolerated as of now unless used for nefarious purposes
607,rules are rules since this is a personal server the rules are in my head
608,ゆっくりしていってね
609,sé amable con los demás
610,no postees spam amenazas o contenido ilegal
611,be good to each other
612,dont spam
613,ei rasismia seksismiä transfobiaa tai muuta vähemmistöihin kohdistuvaa syrjintää
614,ei laittomuuksia
615,ei häirintää doksausta valheellisen tiedon levittämistä tai muina esiintymistä
616,ei roskapostia
617,ei pornografista seksuaalista tai ylettömän väkivaltaista sisältöä
618,prohibida cualquier muestra de acoso e incitación o promoción del odio
619,prohibido publicar cualquier contenido de tipo sexual drogas como alcohol tabaco etc trastornos alimenticios etc sin su aviso de contenido yo cualquier contenido multimedia sin su marca de contenido sensible
620,prohibido publicar cualquier contenido que sea ilegal en el estado español
621,prohibido publicar spam o publicidad
622,no discrimination based on race gender sexual orientation disability ethnicity religion physical appearance or national origin
623,no xenophobia violent nationalism nazi symbolism holocaust denialism or promotion of violent ideologies
624,no stalking harassment dogpiling doxxing or brigading of users on this andor other servers
625,no spam including commerical promotional content advertising seo accounts existing only for commerical products andor services are not permitted
626,no content which is illegal in the united states
627,sexually explicit or violent media must be marked with an appropriate cw where ambiguity exists cw should be assumed
628,bots are welcome but require administrator approval bots are never permitted to interact with users without first being requested to do so
629,dont make me make a rule actions taken with the exclusive defense of there not being a rule are covered by this banning an account is more expendient than modifying the server rules expect this outcome
630,ehrlich und nett
631,
632,
633,
634,
635,
636,
637,
638,
639,
640,
641,️‍ love god ‍️ hear o israel the lord our god is one lord and thou shalt love the lord thy god with all thine heart and with all thy soul and with all thy might deuteronomy 645
642,️‍ love people thou shalt not avenge nor bear any grudge against the children of thy people but thou shalt love thy neighbour as thyself i am the lord leviticus 1918
643,️‍ love truth ‍ for we can do nothing against the truth but for the truth 2 corinthians 138
644,loathe pride ‍️ thus saith the lord let not the wise man glory in his wisdom neither let the mighty man glory in his might let not the rich man glory in his riches jeremiah 923
645,know god but let him that glorieth glory in this that he understandeth and knoweth me that i am the lord which exercise lovingkindness judgment and righteousness in the earth for in these things i delight saith the lord jeremiah 924
646,no sexually explicit or violent media on this server
647,no things that are illegal in the netherlands
648,no racism sexism homophobia transphobia xenophobia or casteism or any hate to people and animals
649,hide sensitive texts and media when there is a reason to do so
650,no incitement of violence or promotion of violent ideologies
651,do not share intentionally false or misleading information
652,no advertising no spam no spamming
653,its a one person instance so ill make up the rules as i go
654,dont be an asshole if you have to ask where the line is on that youre probably being an asshole
655,this is just an instance for me xipher mastodon is set to single user mode yet it keeps bothering me to set rules endlessly so heres the rules i can do what i want here
656,treat others as you wish to be treated
657,dont be an asshole
658,dont follow the rules to follow the rules
659,privacy is valued if you know me there is no need to state my name or where else i can be found anything i post here was intended to be here please dont go broadcasting it somewhere else
660,there is no absolute freespeech i reserve the right to mute block silence defederate or ignore
661,
662,
663,
664,
665,
666,
667,
668,
669,
670,idioma preferência por posts em português ou inglês
671,manifestações é proibido o uso deste servidor para emitir ou propagar discurso de ódio discriminatório ou de assédio
672,conteúdo vedado spam gore links maliciosos e incitação ou prática de crime serão motivo de ban ou exclusão
673,reply guys não precisamos de reply guys httpsreplyguycalamidadenet
674,cultura pop e tv posts sobre cultura pop incluindo programação televisiva música cinema esportes e efemérides são encorajados nesta instância sem restrições exceto as das regras 2 e 3
675,sexually explicit or violent media must be marked as sensitive when posting
676,no spam or intrusive advertising
677,no bigotry racism sexism homophobia transphobia xenophobia or casteism of any kind
678,no incitement of violence or promotion of violent ideologies
679,no harassment dogpiling or doxxing of other users
680,no illegal content
681,do not share intentionally false or misleading information this includes scamming
682,no promotion or selling of nfts
683,be a good human
684,mark media as sensitive when appropriate
685,its ok to state controversial opinions but be civil
686,we try not to block you are welcome to use them however
687,if a user doesnt want to take a conversation further be civil and respect that
688,be considerate
689,use your empathy
690,dont be a dick
691,posting of violent or promotion of violence is prohibited
692,vet your sources before posting potential misinformation
693,sexually explicit or violent media must be marked as sensitive when posting
694,no spam or advertising
695,no racism sexism homophobia transphobia xenophobia or casteism
696,no incitement of violence or promotion of violent ideologies
697,no harassment dogpiling or doxxing of other users
698,no illegal content germany
699,be nice to each other
700,be excellent to one another
701,
702,すべて世のありにくきことわが身とすみかとのはかなくあだなるさまかくのごとしいはむや所により身のほどにしたがひて心をなやますことあげてかぞふべからずもしおのづから身かずならずして權門のかたはらに居るものは深く悦ぶことあれども大にたのしぶにあたはずなげきある時も聲をあげて泣くことなし進退やすからずたちゐにつけて恐れをのゝくさまたとへば雀の鷹の巣に近づけるがごとし
703,もし貧しくして富める家の隣にをるものは朝夕すぼき姿を耻ぢてへつらひつゝ出で入る妻子僮僕のうらやめるさまを見るにも富める家のひとのないがしろなるけしきを聞くにも心念々にうごきて時としてやすからずもしせばき地に居れば近く炎上する時その害をのがるゝことなしもし邊地にあれば往反わづらひ多く盜賊の難はなれがたしいきほひあるものは貪欲ふかくひとり身なるものは人にかろしめらる
704,寶あればおそれ多く貧しければなげき切なり人を頼めば身他のやつことなり人をはごくめば心恩愛につかはる世にしたがへば身くるしまたしたがはねば狂へるに似たりいづれの所をしめいかなるわざをしてかしばしもこの身をやどし玉ゆらも心をなぐさむべき
705,treat others as you would like others to treat you
706,sexually explicit or violent media must be marked as sensitive when posting
707,no spam or advertising
708,no harassment dogpiling or doxxing of other users
709,no illegal content
710,no spreading of fake news or misinformation
711,no illegal stuff uk law applies use your common sense server logs will be handed over if required
712,be nice pretty please with sugar on top
713,no spam no commercials no adverts
714,if this thing generates hassle work or costs itll be evicted
715,われらは全世界の国民がひとしく恐怖と欠乏から免かれ平和のうちに生存する権利を有することを確認する
716,heb respect voor elkaar
717,geen links of referenties naar racistische hatelijke of offensieve content
718,geen accounts en toots die nodeloos ongefundeerd zijn
719,geen zaken die in nederland illegaal zijn
720,geen reclame en spam
721,this is a development server for personal purpose it could be unavailable running a custom fork of mastodon or shut down at any moment
722,respect du droit français et européen
723,respect des personnes et des idées
724,laïques baysiens et constructivistes sont les bienvenus
725,the first rule is that if youre using this server you should be me dan hon
726,during registration you have to pick a username this username cant be changed later so make sure it is the right one if you are in doubt if your username is suitable read our rules below first
727,after you sign up you have to verify your email address check your spam folder if you didnt receive a verification email
728,we have to adhere to german and european law leading for us however is the universal declaration of human rights
729,you are personally fully responsible and accountable for what you publish on tootpoedelwitzde without any exception whether you use a pseudonymalias or not
730,in other words we from tootpoedelwitzde and the mastodon project in general are completely not responsible and accountable for what you publish in any form whatsoever
731,we do not accept among other things racism in all its forms incl eg islamophobia antisemitism apartheid and casteism homophobia biphobia and such transphobia nbphobia and such sexism and misogyny fatshaming ableism and other forms of discrimination not mentioned here
732,we do not accept trolling hate speech sexual abuse of minors adults and animals also not virtual
733,we do not accept glorification of violence calls for murder death threats and terrorism militarism nationalism we dont accept any form of nationalism of nation states regional nationalism is allowed only without feeling superior than or discriminating against others
734,we do not accept colonialism and imperialism in all its forms incl zionism rightwing populism and rightwing and religious extremism evangelisation and other forms of religious propaganda local only extreme sects and cults
735,we do not accept marxistleninists stalinists maoists or other followers of extreme authoritarian so called communistsocialist ideologiesregimes aka tankies capitalists including so called anarchocapitalists ancaps
736,we do not accept anthropogenic climate change denial covid19 denial antivaccination rightwing conspiracy theories and hoaxes
737,we do not accept spam and other forms of advertisement if you publish continuously a very high number of public toots excl replies in a short time e g more than 1 toot every minute over a longer period of time we might consider that as spamming
738,we always keep the right to limit or delete your account we are fortunately very tolerant and therefore we will always think twice before we take these actions
739,please use the report tool if you think someone on this server or another server did not comply with our guidelines note that sometimes rules are only valid for local users
740,mikrobloggen følger mastodon server convenant som krever at vi skal slå ned på rasisme seksuell trakassering homofobi og transfobi poster du ting som kan oppleves som forstyrrende for andre nakenhet vold mm bruk innholdsadvarsel for tekst og bilde ikke post noe som bryter norsk lov
741,brudd på regel nummer 1 medfører automatisk sletting av innlegg og skriftlig advarsel gjentatte brudd vil bli tatt opp i driftsrådet og kan i ytterste konsekvens medføre utestengning uten tilbakebetaling av medlemsskap
742,mikrobloggen har et driftsråd som er ansvarlige for å vedlikeholde reglene og diskutere eventuelle sanksjoner mot brukere som har brutt reglene flere ganger ingen enkeltstående vaktmester kan utestenge en bruker uten at det har vært diskutert i rådet
743,alle brukere på mikrobloggen forplikter seg til å betale et årlig medlemsskap til topdogs sosietetsforening for å dekke sin del hostingkostnaden medlemsskapsavgiften er satt til kr 200 brukere som ikke betaler blir automatisk utestengt 14 dager etter forfall
744,dont be a dick
745,
746,
747,no hate speech or violent discrimination including but not limited to racism sexism homophobia transphobia ableism
748,no harassment spamming and other repeated or organized unwanted interactions especially against remote instances
749,no content illegal under french or european law
750,use content warnings for things that people might find objectionable including but not limited to sexual content violence and gore flickering animations subject to change i guess idk
751,be me if youre not me and youre on this instance you will be banned
752,minä olen sinut nimeltä kutsunut jes 431 älä ole anonyymi käytä sellaista nimeä josta sinut tunnetaan
753,rakasta lähimmäistäsi niin kuin itseäsi matt 2239 mastodon on turvallinen tila ei syrjivää väheksyvää rasistista tai seksististä kielenkäyttöä tai argumentointia
754,kunnioittakaa kilvan toinen toistanne room 1210 keskustellaan kunnioittavasti älä koskaan kyseenalaista esimerkiksi toisen olemusta seksuaalisuutta persoonaa tai elämänvalintoja
755,iloitkaa ja riemuitkaa laulakaa ja soittakaa ps 984
756,respect other members we do not tolerate any form of harassment discrimination insults or profanity
757,no inappropriate content violent pornographic or otherwise offensive content is not allowed
758,no spam unapproved promotional posts or any other form of spam will be removed
759,stay on topic this server is dedicated to indie and aaa video games so try to keep conversations relevant to these topics
760,respect privacy do not share personal information without the consent of those involved
761,dredgelords is a fun clan for grsm furry ally gamers we transcend stereotypes and do not gatekeep peoples identities be curious not cynical
762,no discrimination based on race gender sexuality nationality or age if you are offended by equality this is not your server those not signing the tolerance treaty are not tolerated
763,content warnings are to be used for distressing hurtful depressing or triggering content they have other uses too but those are the required cases
764,use sarcasm rudeness or hostile jokes only with people you are already close to and know they are cool with it
765,visit your account settings and set them correctly please make regular backups of your account if you value its contents
766,obey usa copyright law this server is based in the usa and subject to legal authority therin
767,no rules lawyering rules are subject to moderator interpretation you shall be in the spirit of compassion and acceptance not the letter of it
768,no hate
769,no harassment
770,no violence
771,no fascism
772,no colonialism
773,no white supremacy
774,no religious extremism
775,no nationalism
776,no racism
777,no homophobia
778,no transphobia
779,no conspiracy theories
780,no hacking
781,no nazism or fascism
782,no child porno
783,dont be racist sexist antiqueer
784,no threats of violence
785,no intentional misinformation
786,no doxxing
787,日本の法律を遵守してください
788,公序良俗に反する投稿は禁止です
789,無修正のr18コンテンツの投稿は禁止です
790,適宜 cwnsfw を活用してください
791,適宜 ミュートブロック を活用してください
792,モデレーションは全て管理者の独断で行われます
793,みんながニコニコできる振る舞いを心がけましょう
794,imagine you were about say whatever youre going to say to each of the people on the server individually if you have hesitations about saying it then its probably wise to keep it to yourself
795,dont do stupid shit
796,there is no spoon
797,警察のお世話になるような事はしない
798,人を傷つけるような事をしない
799,dont talk about fight club
800,do not talk about fight club
801,conceal your intentions
802,do not talk about fight club
803,do not talk about fight club
804,be kind
805,be nice to each other
806,stay legal dont post anything that violates german law
807,spam racist sexist hateful or discriminating posts in any form are forbidden
808,content warning policy drugs lewd posts and pictures kinks must be listed with a content warning
809,do not impersonate someone unless for parody purposes this includes using other peoples artworks without permission
810,parody accounts must be tagged as such clearly in their profile description
811,bots must be tagged as such and bot owners must ensure they will have a minimal impact on the instances performances
812,you may not use a header image or avatar if it shows content that is listed to be content warned
813,dont repost artworks without crediting the artist if you have a link to their gallery perfect if only their name better than nothing claiming others artwork as your own may lead to suspension
814,you must be 18 years of age or older
815,this server is for the exclusive use of the bkccyberharvardedu account
816,be decent respectable polite fair
817,be nice
818,no hate speech
819,no spam
820,no content considered illegal within belgium or eu
821,hier herrscht eine friedliche stimmung bitte persönlich nach weiteren regeln fragen
822,nothing interesting here just my personnal mastodon instance
823,zero tolerance for nazis or racists of any kind homophobes transphobes ablists and the like blocks come swiftly and without justification behave appropriately
824,no twitter mastodon crossposting do it in the other direction if you must
825,no cryptocurrency promotion
826,instances operated by companies with more than one billion euros of gdpr fines will be defederated
827,dont be cringe
828,dont promote vcbacked companies or products
829,dont do anything illegal
830,dont post an invite link to the public without checking if its okay first
831,if youre going to cause a lot of server load ie uploading a lot of media check if its okay first
832,treat everyone with respect absolutely no harassment witch hunting sexism racism or hate speech will be tolerated
833,no spam or selfpromotion without permission from a staff member this includes dming fellow members
834,nsfw must be blurred and have warning no hard violence or other graphically disturbing content
835,if you see something against the rules or something that makes you feel unsafe let staff know we want this instance to be a welcoming place
836,nsfw not safe for work cw content warning 公開範囲設定はしっかり利用してください 見たくない話題等についてはフィルターなどを利用して自衛してください botについてはpublicな投稿は避けて過度な頻度でトゥートすることは避けてください
837,法律は遵守してください
838,be cool
839,be kind ️
840,do not harass stalk discriminate or bully anyone
841,do not be oppressive or intolerant
842,do not engage with bullies block them or their server and move on
843,do not flood the timeline with spam bots or otherwise inhuman content
844,do not misgender or deadname anyone purposefully
845,do not share sensitive content without a cw content warning
846,do not publish or boost extremist or illegal content
847,sexually explicit or violent media must be marked as sensitive when posting
848,no racism sexism homophobia transphobia xenophobia or casteism
849,no incitement of violence or promotion of violent ideologies
850,no harassment dogpiling or doxxing of other users
851,no illegal content
852,do not share intentionally false or misleading information
853,no spamming or spammerlike behavior
854,be a kind human
855,no fascists racists transphobia or bigots of any kind will be tolerated i dont care about your free speech go tell it to your momma
856,beasts kin and hunters only
857,여러분의 다양한 주제를 자유롭게 나눌 수 있는 오픈코스 마스토돈입니다
858,인종 성 지향 및 정체성 장애 지역 및 국적 등을 이유로 다른 사람을 차별하는 행위를 금지합니다
859,선정적이거나 보고 싶지 않은 내용이 있을 때는 뮤트를 해주시고 추가로 차단이나 신고 기능을 이용해 주세요
860,후방주의 등 민감한 내용은 cw글 가리기 기능을 이용해 가려서 올려주세요
861,무분별한 비방이나 불법적인 주제를 요구하는 경우 경고후 차단 조치합니다
862,봇은 로컬이나 글로벌 타임라인이 아닌 홈 타임라인에서만 보일 수 있도록 해주세요
863,from the neighborhood come join us
864,keep it wholesome safe enough for kids and respectful enough for the pope or any monk or nun
865,dont be a jerk no harassment bullying or doxxing
866,be a peacekeeperpeacemaker no incitement of violence or promotion of violent ideologies
867,abide by the law no illegal content whatsoever
868,be a good neighbor be helpful and kind but do be honest too
869,dont be rude
870,dont harass anyone
871,dont be an asshole
872,acepto seguir las normas
873,no toxic and hateful speech we have a zerotolerance policy on attacks against anyones gender identity or expression sexual orientation race ethnicity nationality religion age disability personal appearance or socioeconomic status
874,no incitement of violence and no promotion of misleading or violent ideologies
875,no harassment dogpiling or unwanted advances you may not continue to engage with a user who has explicitly requested that you stop
876,no doxxing of other users unauthorised requests for or distribution of any personal information or data is not allowed please treat personally identifying information with respect and privacy
877,no content illegal in canada or copyrighted content that you dont own rights to illegal or copyrighted content is not allowed to be stored posted or discussed on this instance
878,sexually explicit or violent media must be marked appropriately posts and images with sexually explicit or violence must be flagged as sensitive and contain a content warning users may not have sexually explicit or violent media as a profile photo or header image
879,no spamming excessive posting boosting advertising or massmarketing posts will be actioned accordingly and based on intent
880,be yourself accounts intended to impersonate or parody are not permitted and those found to be directly misrepresenting themselves as another person or entity will be actioned accordingly
881,treat others respectfully
882,use an appropriate tone
883,respect the privacy of others
884,compliance with applicable law
885,avoid misinformation
886,no spam posts
887,mark sensitive content
888,only share poems that you have written and have the permission to share
889,no illegal content or solicitation of illegal services
890,no personal attacks or comments rooted in racism sexism homophobia transphobia casteism ableism etc
891,no ai generated content spam or malicious links
892,no plagiarism all original content is copyrighted by the poet and cannot be distributed or used without prior permission by the poet
893,no nsfw visual content or pornography
894,use content warnings for posts which contain depictions of sexual assault selfharm or violence
895,no doxxing revealing anothers personal information such as legal names phone numbers or addresses
896,believe that people are fundamentally good this takes courage
897,love peace and apple
898,be positive be kind be helpful answer questions provide answers
899,no crypto or nft links moderate your selfpromotion the mastodon community is not a marketplace
900,no hate speech no cruelty no trolls
901,no nsfw
902,no illegal content
903,be nice
904,
905,
906,
907,
908,
909,
910,follow the spirit of the fuzzy systems mission statement encouraging an open internet welcoming to everyone
911,respect boundaries set by others listen apologize if you overstep them give space failure to do so is an instant ban
912,instead of escalating flag toots for an admin to look into were not overcrowded here
913,cw anything that might potentially upset someone including nsfw content
914,ableism racism sexism transphobia xenophobia and microaggressions are all forbidden youll be banned if you repeatedly do it or if its serious but we all make mistakes and have things to unlearn
915,no content illegal in sweden
916,no racism sexism homophobia transphobia or xenophobia
917,no sexually explicit or violent media
918,no incitement of violence or promotion of violent ideologies
919,do not share false or misleading information that may lead to physical harm
920,humour is legal again subject to the whims of the owner
921,follow the rules
922,do not follow the rules
923,be nice except when you are not nice
924,follow your local laws and us laws
925,dont be a dick
926,be nice
927,no hate speech
928,no racism or hatred against minority groups
929,no bigotry
930,公序良俗に反するまたはそれらを助長するいかなる投稿を禁止しますこれには違法な行為不適切な言葉遣い暴力や性的内容を含む画像動画を投稿したり共有する行為が含まれます
931,人種宗教性別性的指向国籍障碍またはその他の特定のグループに対する蔑視や侮辱を目的とした差別的な言語使用を禁止します誰もが安全に利用できるコミュニティを維持するためヘイトスピーチや差別的な発言は許容されません
932,他のユーザーや第三者を威嚇脅迫人を傷つけるような言葉遣いは一切禁止しますまた暴力的な表現脅迫侮辱人格攻撃など他人を不快にさせる全ての行為を禁じます
933,第三者の著作物を侵害する行為は禁止しますこれにはイラスト音楽映像文学作品写真などが含まれます著作権や知的財産権を尊重することが求められます
934,他ユーザーおよび第三者の個人情報を共有する行為は禁止しますこれには住所電話番号メールアドレスなど特定の個人を特定できる情報が含まれます
935,意図的に誤った情報を共有したり誤解を招くような情報を流布する行為は禁止します信頼性と正確性を保つことが重要です
936,広告プロモーションまたはその他の未承認の商業的な内容いわゆるスパムを送信したり投稿することは禁止します
937,sns上で個人的な紛争をエスカレートさせることは避けてください問題が発生した場合はプライベートな通信手段を使用したり必要な場合には適切な法執行機関に連絡してください
938,this server is hosted and used by only two people so we dont really have any rules
939,this is a single user instance no account creation here so no specific rule is needed im not the kind of person that insult or harass people anyway
940,むやみにサーバーを破壊しない
941,no sexual content involving minors including artistic depictions no gore or extremely graphic violence including artistic depictions
942,no bigotry ie national socialism nazism holocaust denial racism alt rightfree speech transphobia misogyny critical discussion is ok any images of explicit hate symbols being discussed eg swastikas must be under a content warning
943,no trolling blatantly inciting violence or dangerous misinformation eg antivax conspiracy theories critical discussion is ok
944,no bots or automated mass followingcontent aggregation
945,dont be a jerk
946,this server is allinclusive respect everyone we dont discriminate against anyone for any reason with the exception of rule 3
947,no hateful activity hateful activity and speech will not be tolerated
948,cest mon serveur si tu veux un compte faut me demander
949,差別を無くす方向で快適さを保ちます
950,no faggotry
951,no personal information
952,no dick pics
953,be nice
954,no spamming unsolicited messages
955,no insult discrimination and harassment
956,no incitement to crime
957,no extremist content
958,sexual content must be marked accordingly
959,content depicting violence must be marked accordingly
960,welcome to the nap platform
961,everyone can join this community
962,dont rude to anyone
963,on the nap platform you must follow taiwanese laws
964,we accept nsfw content but you must label it as sensitive content
965,have fun
966,sexually explicit or violent media must be marked as sensitive when posting
967,no racism sexism homophobia transphobia xenophobia or casteism
968,no incitement of violence or promotion of violent ideologies
969,no harassment dogpiling or doxxing of other users
970,do not share intentionally false or misleading information
971,be kind and respectful
972,dont be a jerk be nice
973,be chill
974,be positive
975,be drykath
976,dont be a dick or at least be a pretty one
977,be nice
978,verhalte dich so das wir keine weiteren regeln definieren müssen
979,no peoples
980,dont be a dick
981,dont do anything that angers tom
982,this is a server only for me
983,dont be a dick
984,no spam or advertising
985,no illegal content
986,rules do not exist everything is an illusion
987,kindly fuck off enjoy the same ole shit and die at 47 idgaf
988,sexually explicit or violent media must be marked as sensitive when posting
989,no racism sexism homophobia transphobia xenophobia or casteism
990,no incitement of violence or promotion of violent ideologies
991,no harassment dogpiling or doxxing of other users
992,no content illegal in europe
993,do not share intentionally false or misleading information
994,
995,basically dont be an ass
996,
997,
998,
999,
1000,
1001,sexually explicit or violent media must be marked as sensitive when posting
1002,no racism sexism homophobia transphobia xenophobia or casteism
1003,no incitement of violence or promotion of violent ideologies
1004,no harassment dogpiling or doxxing of other users
1005,do not share intentionally false or misleading information
1006,this is a benevolent dictatorship the administrators of this site are donating their time and money to provide this platform and as a result reserve the right to delete dismiss silence purge or remove anyone at any time without explanation or justification
1007,we respect and support free speech even when it may be personally disagreeable
1008,no illegal activity or activity which might be construed as fostering illegal activity
1009,no personal or adhomenim attacks against other users both local and remote to this server
1010,do not engage in behavior which will likely result in this instance being banned or blocked entirely
1011,no overtly disparaging acts or comments which server no other purpose other than to denigrate a person based on their traits or characteristics witty memes and jokes are generally acceptable unless their sole purpose is to belittle or demean
1012,no pornography this is a private platform with limited public seating fine line here but lets just say there are plenty of places for porn on the internet this isnt one of them
1013,spam or unsolicited commercial posts will be deleted and the offending accounts will be removed without warning
1014,all bots parking account parody accounts or other similar activity is prohibited without express approval from an administrator
1015,anything not covered by other rules above should be covered under our first principle this is a benevolent dictatorship but ideally none of this will ever even matter since we fully expect people to behave as adults
1016,accounts which are created and never used aka parking accounts will be terminated without warning after 30 days of inactivity
1017,accounts which are not used within one year will be terminated without warning
1018,linstance friendica socialbadabamnet est administrée bénévolement du mieux que le peuvent les administrateurs cela vaut pour la disponibilité du service comme de sa mise à jour et la prise en charge des problèmes qui pourraient être rencontrés
1019,cette instance est soumise à la loi française étant hébergée en france
1020,ainsi globalement pas de racisme homophobie transphobie xénophobie harcèlement doxxing
1021,merci également de ne pas partager de manière intentionnelle des informations fausses ou trompeuses sauf à les afficher comme telles via un cw par exemple
1022,enfin merci dêtre courtois dans vos échanges
1023,profitez bien du fédiverse
1024,no afd
1025,dies is ein sicherer raum rassistische sexistische homophobe transphobe beeinträchtigtenfeindliche und anderweitig diskriminierende oder hasserfüllte sprache um nicht zuletzt weiße vorherrschaft antisemitismus transphobie oder andere menschenfeindliche ideologien zu bewerben sind untersagt
1026,法律は守ってね
1027,no racism sexism transphobia ableism bodyshaming nazis or naziadjacent shit
1028,cw images of food eye contact bugs and insects and nsfw content
1029,describe posted images as a default
1030,be gracious and open to other perspectives
1031,this is a singleuser instance so this is mostly a list of reminders to myself and what to tell other admins to expect
1032,nicht erlaubt belästigung stalking doxxing verbreitung von verschwörungstheorien undoder deren befürwortung
1033,nicht erlaubt rassismus sexismus beschimpfungen oder deren befürwortung diskriminierung von geschlechtern und sexuellen minderheiten oder deren befürwortung gewalttätige nationalistische propaganda nazisymbolismus oder förderung der ideologie des nationalsozialismus
1034,nicht erlaubt leute kontaktieren die klar gemacht haben dass sie keinen kontakt wollen dogpiling nicht markierter sexueller inhalt gewaltdarstellungen werbung oder bots
1035,nicht erlaubt andere in deutschland illegale inhalte
1036,harassment is forbidden the use of this server to harass individuals or groups specially minorities is forbidden
1037,doxing is forbidden we respect privacy you cant publish personal details of anyone else but yourself
1038,discrimination is forbidden in this server this includes discrimination by race origin current or past nationalities background of any kind job or career religion sex gender and sexual orientation
1039,respect the law
1040,no incitement of violence or promotion of violent ideologies
1041,sexually explicit or violent media must be marked as sensitive when posting
1042,you must be and independent adult it must be possible to hold you accountable for your content and usage of the platform and not your guardians or parents
1043,this server is for people who are charles miles or are friends or family of charles miles
1044,trying to keep number every small since its a tiny server
1045,keep everything clean no insults bullying or low blows no illegal content can be shared as stated by usa law ok now touch gloves
1046,be good pls
1047,no bad
1048,do memes
1049,respectez les autres utilisateurs
1050,respectez le travail des autres et faites preuve dempathie les membres de la communauté peuvent partager leur travail créatif des projets personnels ou des opinions importantes
1051,contribuez à la communauté
1052,serverstandort deutschland eurecht und deutsche gesetze gelten
1053,beiträge für die die noafd oder nosvp applaudieren würden sind hier unerwünscht also keine faschistischen rassistischen sexistischen queerfeindlichen und sonstigen entmenschlichenden inhalte
1054,be excellent to each other
1055,be nice
1056,if not being nice see rule 1
1057,this server is managed by cyrus biotechnology and is used for official statements by cyrus and its employees
1058,as this is my own single user instance i wont be a dick i hope
1059,registrations are only for approved and invited group of chinese food enthusiasts you will be invited to join at the discretion of redcooksocial adminstrator
1060,no threatening abusive or intolerant behaviour we have a zero tolerance policy on racism sexism homophobia and transphobia your account will be suspended in such cases
1061,after registering please edit your profile add a short bio and post a short introduction to yourself we may delete inactive accounts at our discretion
1062,no illegal content eu laws apply
1063,respect the underrepresented communities who built this place
1064,do not cause trouble for the server in relation to federation with other servers
1065,dont be a nuisance or an ass be awesome
1066,this server is an instance of one peter gassner i vow to keep this server free of racism sexism homophobia and transphobia
1067,dont be evil
1068,discrimination especially against minorities is strongly discouraged this includes but is not limited to racism xenophobia homophobia transphobia and other queerphobia classism gatekeeping the queer status acephobia etc
1069,punching up does not fall under the guideline above and is allowed
1070,usage of rightwing figures of speech are strongly discouraged please keep yourselves uptodate on the dog whistles that are going around of course this point will be evaluated on a casebycase basis as rightwing dog whistles are created to intentionally hijack everyday jokes and signs
1071,advertising is strongly discouraged fund raisers users of the site selling their own products or advertising their services are fine we absolutely do not want corporations to advertise on here however
1072,posting media without media descriptions also known as alt text is strongly discouraged we encourage you to enable the popups that warn you if you are about to toot or boost content that does not follow this guideline
1073,dont spam of course some jokes are mostly repetitive common fedi bits but use common sense on where to draw the line if the local timeline contains just your toots youre taking it too far
1074,do not interpret these guidelines in bad faith not even for playing the devils advocate we are trying to foster a progressive community if you have an issue with the guidelines feel free to discuss it
1075,you must use content warnings for content this includes obvious topics such as sexual content assault mental health issues but also less obvious ones like food selfies pictures with eye contact to the viewer etc even if you may not find topics triggering at all this helps
1076,any content illegal in germany will be removed we want this site to stay online and as such we have to follow laws in addition to our own morals
1077,since this is a private server the current owneroperator has the first and final say
1078,its just me please let me know if i am not nice ill try to do better if i dont please block me
1079,keine beleidigungen undoder anfeindungen
1080,beiträge werden auf deutsch englisch latein esperanto oder klingonisch verfasst
1081,合乎所属地区法律
1082,内容的权益和责任皆属用户
1083,崇尚自由不侵犯他人自由
1084,相互尊重以礼相待
1085,运营裁量暂由站长全权决定
1086,注册须回答站点规则中提到的问题否则不予通过
1087,just for fun
1088,係数体はℂとする
1089,解の存在と一意性は保証されているとする
1090,可分なヒルベルト空間のみを考える
1091,情報系は通常の条件usual conditionsを満たしているとする
1092,dont be a dick
1093,terminator terminator 2
1094,alien aliens
1095,nazis and their ilk can fuck right off
1096,if this is your first mastodon you have to toot
1097,be kind and respectful
1098,no sexuality explicit content like porn
1099,no porn politics ads hate or racism
1100,no preaching religions celebrating religious holidays is not considered preaching
1101,accounts violating the above rules will be banned immediately and their corresponding ip addresses will be submitted to law enforcement agencies if necessary
1102,if you find anyone violating anything please report it to the administrator
1103,videos are allowed but not encouraged this server is run by volunteers and we do not have a lot of storage available
1104,be a polite please
1105,try to do not publish any dangerous information
1106,no hate speech harassment or discrimination of any kind this includes but is not limited to racism sexism homophobia transphobia and ableism
1107,no sharing of illegal or copyrighted content this includes but is not limited to pirated movies music and software
1108,no spamming or unwanted contact this includes but is not limited to sending unsolicited messages posting repetitive content and repeatedly following and unfollowing another user
1109,no posting of personal information without consent this includes but is not limited to phone numbers addresses and email addresses
1110,no sharing of graphic violence or adult content this includes but is not limited to images or videos of violence sexual content or pornography
1111,no sharing of graphic violence or adult content this includes but is not limited to images or videos of violence sexual content or pornography
1112,no impersonation of other users this includes but is not limited to using someone elses name avatar or bio to impersonate them
1113,no sharing of misinformation this includes but is not limited to sharing false information or conspiracy theories without providing credible sources looking at you strangerville
1114,respect other users privacy this includes not sharing screenshots or quotes from private conversations without consent
1115,any form of violence or threat of violence will not be tolerated
1116,be nice
1117,keine belästigung stalking dogpiling undoder doxxing von anderen
1118,rassistisches sexistisches homophobes transphobes fremdenfeindliches verhalten oder kastendenken haben auf unserem server nichts zu suchen
1119,nazis neonazis querdenker linksradikale russland oder chinatrolle werden konsequent geblockt
1120,das verbreiten von spam und phishing über trööts retrööts kommentare oder persönliche nachrichten führt zu einem nichtreversiblen block des betroffenen accounts
1121,die verbreitung von fakenews und vergleichbaren falschen information führt ebenfalls zu einem sofortigen block
1122,die verbreitung von strafrechtlich relevantem material insbesondere jedoch nicht beschränkt auf kinderpornografie führt zu einem sofortigen block sowie zur weitergabe der benutzerdaten des betroffenen accounts an die zuständigen strafverfolgungsbehörden
1123,no pornographic content
1124,no copyrighted materials personally identifiable or protected information
1125,dont be a dick
1126,respectez les autres utilisateurs pas de harcèlement de discrimination de racisme de sexisme dhomophobie de transphobie ou dattaques personnelles
1127,pas de contenu illégal ne partagez pas de contenus piratés de logiciels malveillants de pornographie enfantine ou tout autre contenu illégal
1128,soyez respectueux de la vie privée ne partagez pas de données personnelles ou confidentielles sans le consentement de la personne concernée
1129,pas de spam ou de publicité ne publiez pas de publicités ou de liens de parrainage et ne spammez pas les autres utilisateurs
1130,utilisez les hashtags de manière appropriée utilisez les hashtags pertinents pour rendre votre contenu facilement trouvable mais nutilisez pas de hashtags inappropriés ou trompeurs
1131,respectez les règles de la communauté respectez les règles de la communauté mastodon en général et suivez les consignes des modérateurs de linstance
1132,pas de trolls ne cherchez pas à provoquer ou à perturber la communauté
1133,pas de contenus violents ne partagez pas de contenus violents choquants ou gore
1134,soyez poli utilisez un langage approprié et évitez les insultes ou les propos vulgaires
1135,signalez les abus si vous voyez un comportement inapproprié ou si vous êtes victime dabus signalezle immédiatement aux modérateurs de linstance
1136,when posting sexually explicit or violent media it is mandatory to mark it as sensitive
1137,spam or advertising is strictly prohibited
1138,incitement of violence or promotion of violent ideologies is strictly forbidden
1139,harassment dogpiling or doxxing of other users is not allowed
1140,posting illegal content is strictly prohibited
1141,please be aware that privacy is not guaranteed on this server or anywhere on mastodon assume that everything you post including direct messages dms is publicly visible
1142,sharing fake news disinformation or misinformation is not permitted
1143,this server adheres to the legal requirements set forth by dutch legislation ensuring full compliance with applicable local laws and regulations
1144,behave yourself
1145,refer to rule number 1
1146,dont be a jerk
1147,dont be abusive rude vulgar offensive etc
1148,posting phishing links results in a permanent ban
1149,do not ask for or link to piratedillegal content
1150,dont share referral links as postscomments
1151,this is a private server
1152,make sure you follow your own rules cfultz
1153,no rasism
1154,no spam
1155,no advertising
1156,no bigotry
1157,comply to german law
1158,sexually explicit or violent media must be marked as sensitive when posting
1159,no racism sexism homophobia transphobia xenophobia or casteism
1160,no incitement of violence or promotion of violent ideologies
1161,no harassment dogpiling or doxxing of other users
1162,do not share intentionally false or misleading information
1163,seid freundlich zu einander
1164,keine in deutschland illegalen inhalte postenweiterleitenverbreitenwasauchimmer
1165,da diese mastodon instanz dem privaten gebrauch dient und eine freie registrierung nicht möglich ist sehe ich mich momentan nicht veranlaßt dediziertere regeln festzulegen
1166,fight stagnation
1167,do not go gentle into that good night
1168,tun sie nichts illegales es sei denn es ist moralisch vertretbar das bedeutet dass es in ordnung ist zivilen ungehorsam und ähnliche rebellische aktionen für eine gute sache im einklang mit der strengen wissenschaft zu fördern
1169,tun sie nichts unmoralisches das hassreden behindertenfeindlichkeit antisemitismus homosexuellenfeindlichkeit islamophobie rassismus sexismus transphobie beinhaltet
1170,nicht spammen trollen oder belästigen
1171,vi har nulltoleranse for all slags diskriminerende oppførsel we have zerotolerance for any discriminating behaviour
1172,poster med sensitive temansfw bør gis gode beskrivende emneknagger eller innholdsvarsling posts with nsfwsensitive topics should have good tags or be hid behind a content warning cw
1173,vi tillater ikke framsnakking av kryptorelatert innhold som nfter og kryptovaluta we dont allow promotion of cryptorelated content like nfts and cryptocurrency
1174,ingen reklame eller spam sjølpromotering er ok no ads or spam selfpromoting is ok
1175,insult o vexació amenaça de violència discurs negacionista sobre les matances massives provades opressió sobre característiques sexuals articles dorganitzacions feixistes enaltiment de líders històrics feixistes propaganda electoral proselitisme religiós
1176,
1177,
1178,
1179,
1180,
1181,
1182,
1183,
1184,
1185,
1186,
1187,このサーバーはbot専用のサーバーです管理人以外の人間は存在してはいけません
1188,過剰な投稿をするアカウント他の住人や他サーバーの人々に迷惑をかけるアカウントまたは明らかに人間であるアカウントは管理人の判断により予告なく停止される可能性があります
1189,dont be a jerk if youre a jerk i will probably boot you the appeals process is that you will need to convince me either 1 that you werent being a jerk or 2 that you wont be a jerk again be forewarned that my patience for such things is short
1190,sei kein pimmel dont be a dick
1191,there is only one rule here wheatons law dont be a dick i reserve the right to moderate remove block etc at my discretion as im the only user this should not be a problem
1192,sexually explicit or violent media must be marked as sensitive when posting
1193,no racism sexism homophobia transphobia xenophobia or casteism
1194,no incitement of violence or promotion of violent ideologies
1195,no harassment dogpiling or doxxing of other users
1196,no content illegal in the united kingdom
1197,do not share intentionally false or misleading information
1198,civility
1199,please dont insult anyone in your comments
1200,be respectful dont make fun of others and dont be condescending
1201,dont discriminate against anyone racist sexist transphobic misogynistic homophobic antisemitic and any other kind of hatespeech is forbidden on our instance
1202,no excessive advertising no spamming or aggressive promotion if you want to promote something do it responsibly with supporting facts and never only links
1203,do not post adult content including pictures containing nudity or unwelcome sexual attention
1204,bots must be marked as bot in their profile
1205,no nft content none at all
1206,no flooding the public timelines
1207,no illegal content no false or misleading information no posting of malicious links
1208,no disinformation regarding public health issues or politicalmilitary campaigns
1209,no anonymous emails accounts with anonymous or temporary emails will be deleted
1210,puoi iscriverti solo su invito così listanza rimane piccola difficilmente verrai invitato
1211,hai a disposizione 20000 caratteri per toot cerca di avere anche qualcosa di interessante da dire cerca di scrivere in modo decente sii poeta
1212,no ai seguenti tipi di pornografia selfie unboxing foto di animali domestici
1213,alla sessualità genitale preferiamo quella nomadica se proprio ci tieni a farci vedere il cazzo fallo in modo creativo assicurati che il materiale sia tuo e usa il cw
1214,sì alla contropornografia leggi il manifesto contropornografico lo trovi sul nostro sito
1215,se sei fan delle criptovalute se ti sei formato sugli scritti di hayek nozick rothbard o simili se non capisci di cosa stiamo parlando ti suggeriamo listanza twittercom gestita dal signor musk
1216,no ai fascismi soprattutto a quelli molecolari
1217,no al bodyshaming sì al corpo senza organi
1218,no allo scientismo e alle altre religioni patriarcali e tollerata al più quella dellantica grecia quelle matriarcali vanno bene
1219,seguiamo le teoria secondo cui le bestemmie sono state inventate dalla chiesa cattolica per far parlare di dio anche chi non ci crede
1220,ti è comunque concesso di inventare una tua religione personale ti chiediamo solo di non imporla agli altri
1221,no al razzismo e allabilismo no agli ismi come visioni del mondo preconfezionate
1222,no alla bifobia sì a bifo berardi ciao franco
1223,istanza lgbtqiabcdefghilmno friendly se non ti va bene schwaffənculo
1224,al machismo e alla virilità preferiamo i plug anali a carla lonzi preferiamo donna haraway a bell hooks preferiamo gayatri spivak
1225,se devi condividere la tua depressione fallo non sotto forma di comiziolamentela altrimenti non effettueremo il download
1226,non usare il tuo account come se fossi un bot usalo come se fossi un cyborg
1227,no allo spam non chiederci cosa sia spam e cosa no non lo sappiamo
1228,se hai trovato qualche contraddizione nel regolamento sappi che è stata inserita volutamente
1229,se qualcosa non ti è chiaro sei invitato a fare domande non defederazioni
1230,e comunque il regolamento di istanza più brillante che tu abbia mai letto
1231,dont be a dick
1232,keine beleidigungen drohungen und verunglimpfungen aller art
1233,keine aufforderungen zu gewalt
1234,kein radikales gedankengut rassismus und hasspropaganda
1235,keine pornografie und obszönitäten
1236,keine verletzungen von rechten dritter
1237,keine veröffentlichung von forenblogbeiträgen privaten korrespondenzen und privaten daten
1238,kein missbrauch der kommentarfunktion für werbliche zwecke
1239,wear sunscreen
1240,you must be simon to use this server
1241,rule 1 may on occasion be bent
1242,server is for the personal use of justin yost
1243,be nice and dont be a jerk
1244,descriu una norma o requeriment pels usuaris daquest servidor intenta ferla curta i senzillala norma és que no hi ha norma
1245,profiles only allow cat or red panda pictures
1246,posts should be in accordance with the golden rule matthew 712
1247,posts should show the fruit of the spirit gal 52223
1248,doxxing hatred towards people violence threats of violence and like things are forbidden by the first two rules our conduct should be christlike
1249,be good to others
1250,kein rassismus sexismus beschimpfungen
1251,keine belästigung schließt stalking und doxxing ein
1252,keine diskriminierung von geschlechtern und sexuellen minderheiten oder deren befürwortung
1253,keine nationalistische propaganda nazisymbolismus oder förderung der ideologie des nationalsozialismus
1254,keine werbung
1255,kein intensives boting
1256,chovejte se k sobě slušně nevulgárně neagresivně
1257,respektujte názory postoje i chování ostatních pokud neporušují tato pravidla
1258,diskuze s argumenty je lepší než emotivní výkřiky za vlastní pravdu uznat cizí pravdu není důkaz slabosti
1259,dont panic
1260,외부인의 서버 가입 신청을 금지합니다
1261,모든 게시글은 팔로워 한정 공개로만 올려주시고 공개 타임라인 업로드를 삼가주세요
1262,개인 서버인 관계로 서버에 문제가 있을 경우 복구에 다소 시일이 소요될 수 있습니다 느긋하게 기다려주세요
1263,hou het netjes
1264,this server abides by the mastodon covenant
1265,organizations are welcome to engage with the community in a noncommercial nonadvertising manner
1266,artists musicians writers and artisans are welcome to engage with the community regarding their craft
1267,do not engage in harassment hateful content or posts of a derogatory nature
1268,do not make advertising posts for the sake of purely promoting a commercial product or service
1269,content originating from this site may not be used for machine training or other data mining activities without the individual authors consent
1270,photos of petsanimals only
1271,sexually explicit or violent media are not allowed
1272,no racism sexism homophobia transphobia xenophobia or casteism
1273,no incitement of violence or promotion of violent ideologies
1274,be kind
1275,follow the code of conduct
1276,hier is geen plaats voor racisme seksisme homofobie transfobie of vreemdelingenhaat
1277,zet niet aan tot geweld of promoot geen gewelddadige ideologieën
1278,beledigen pesten zwartmaken van een gebruiker naar andere gebruikers of ongevraagd prive berichten sturen zijn ten stelligste verboden
1279,deel geen content in strijd met de wetgeving
1280,deel geen opzettelijk valse of misleidende informatie
1281,nieuwe toots en reacties op toots worden in het nederlands opgesteld
1282,respektvoller umgang behandeln sie andere userinnen mit respekt und rücksicht und verzichten sie auf feindseligkeiten beschimpfungen drohungen und beleidigungen sowie ruf oder geschäftsschädigende äußerungen werden nicht akzeptiert
1283,sachliche argumentation untermauern sie ihre meinung mit nachvollziehbaren begründungen und vertrauenswürdigen quellen und gehen sie auf die argumente anderer userinnen auf einer sachlichen ebene ein bitte unterlassen sie unterstellungen verdächtigungen und nicht prüfbare behauptungen
1284,einhaltung von gesetzen und rechtsvorschriften sie sind verpflichtet gesetze und rechtsvorschriften in ihren postings einzuhalten auch das teilen von links die zu illegalen inhalten führen zb nicht autorisierte streamingportale ist untersagt
1285,keine diskriminierung und diffamierung rassistische sexistische frauenfeindliche homophobe antisemitische und andere menschenfeindliche beiträge in denen gruppen pauschal verurteilt oder verunglimpft werden sind nicht gestattet
1286,adäquate ausdrucksweise formulieren sie ihre beiträge bitte in allgemein verständlicher ausdrucksweise und sprache schimpfwörter fäkalsprache rohe doppeldeutige oder obszöne sprache sind nicht zugelassen
1287,keine werbung werbung und andere inhalte mit werbendem charakter sind untersagt
1288,no spam no hate speech
1289,このサーバーはアーティストclarisの非公式ファンコミュニティです当サーバーについて公式様へのお問い合わせはご遠慮ください
1290,他人に成りすます行為は禁止です
1291,サーバーに過度な負荷をかける行為は禁止です例えば短時間で数百件を超えるような大量フォローや大量の投稿やファボ動画や画像などのファイルを連続して投稿するなどのオペレーションなどが該当します
1292,日本国内の法律に違反する行為は禁止です
1293,be polite and kind dont be a jerk
1294,be respectful even if you disagree civility goes a long way
1295,religious speech hate speech discrimination and harassment of any kind is not tolerated on this server
1296,no spam or commercial advertisements
1297,this server is intended for anyone who works in law firm marketing
1298,the primary language for this server is english
1299,be friendly and nice towards one another
1300,dont insult other people
1301,dont discriminate other people
1302,try to use peoples respective pronouns
1303,cw posts which contain nsfw at the very least also cw posts appropriately for example blood for content containing references to blood
1304,any explicit or sensitive media shall be correctly marked as so when posting
1305,harassment doxxing hate speech homophobia transphobia xenophobia sexism racism or any form or phobia against a group of people is prohibited
1306,no fake news
1307,do not promote violent or extremist ideologies
1308,please post contents that are allowed within the laws of france
1309,be kind be respectful and be better every day
1310,日本の暦とそれを作ってきた先達に敬意をはらい活動していきます
1311,老若男女がご覧いただける全年齡対象のコンテンツを発信していきます
1312,健康に気をつけて活動していきます
1313,be nice to each other
1314,no incitement of violence or promotion of violent ideologies
1315,no false or misleading information
1316,no harassment racism sexism homophobia transphobia xenophobia
1317,実験などのためによく落ちます
1318,no harassment
1319,no racismhate
1320,no explicit content
1321,as a general tldr dont be an ass
1322,obligatory nothing illegal is obligatory
1323,no racism sexism homophobia transphobia xenophobia or casteism
1324,no incitement of violence or promotion of violent ideologies
1325,no harassment dogpiling or doxxing of other users
1326,do not share intentionally false or misleading information
1327,lgbtqia 友好 this is a lgbtqia friendly site
1328,禁止发布种族主义或极端主义言论 no posting of racist or extremist language allowed
1329,禁止机器人发送广告 no robot advertisement sending allowed
1330,禁止发布儿童色情内容 no posting of child pornography content allowed
1331,根据服务器所在地美国的法律只有13岁以上的人才能在这里注册帐号 according to the laws of the country where our server is located usa only individuals aged 13 years and above are allowed to register an account here
1332,如果发帖含有剧透内容或 nsfw not suitable for work一般是含有性行为的内容建议使用 cw content warning 折叠帖子 use cw content warning to collapse posts with spoilers or nsfw not suitable for work content
1333,always be kind
1334,dont be a dick
1335,be nice
1336,this is an antifascist server
1337,no racism sexism etc
1338,no homophobia transphobia
1339,no terfs
1340,cw all nsfw content
1341,dont pretend to be someone youre not
1342,dont be a smartass
1343,dont get into arguments
1344,dont stoop too low
1345,doublecheck your grammar
1346,interact with people
1347,censor yourself
1348,dont post party photos unless you are adult
1349,link original sources
1350,have fun
1351,this is where the first 10 rules came from httpsblogpaylanecom10rulesofsocialmediaetiquetteyoumightwanttofollow
1352,dont be evil
